rowNumber,queueId,questionNumber,questionType,questionText,subject,grade_level,topic,subtopic,learningObjective,bloomsLevel,difficultyLevel,difficultyRating,summary,options,explanation,generationMetadata,grade
1,ptg8-topicnsgfpf3-tpavlx7ys-q1-mcq-1,Q1,mcq,Which number is written in short form as 4 × 10^6?,Maths,8,Powers and very large numbers,"Squares, cubes, roots; writing large numbers in short form.","Students can work with squares, cubes, and roots. Students can write very large numbers in short form. Students can interpret powers in large-number notation.",Understanding,easy,1,"MCQ for Powers and very large numbers: Squares, cubes, roots; writing large numbers in short form., aligned to Students can work with squares, cubes, and roots. Students can write very large numbers in short form. Students can interpret powers in large-number notation..","[{""text"":""4,000,000"",""correct"":true},{""text"":""400,000"",""correct"":false},{""text"":""40,000,000"",""correct"":false},{""text"":""4,000"",""correct"":false}]","10^6 means 1,000,000, so 4 × 10^6 = 4,000,000. A common mistake is to count the zeros incorrectly and choose 400,000 or 40,000,000 instead.","{""placementTestTopicId"":""number_sense-g8"",""questionNumber"":""Q1"",""questionType"":""mcq"",""subject"":""Maths"",""grade"":8,""topic"":""Powers and very large numbers"",""subtopic"":""Squares, cubes, roots; writing large numbers in short form."",""generationTopic"":""Powers and very large numbers"",""generationSubtopic"":""Squares, cubes, roots; writing large numbers in short form."",""learning_objective"":""Students can work with squares, cubes, and roots. Students can write very large numbers in short form. Students can interpret powers in large-number notation."",""focus"":""writing very large numbers in powers of 10 form"",""planner"":{""packId"":""number_sense-g8-mcq""}}",8
2,ptg8-topicnsgfpf3-tpavlx7ys-q2-fitb-1,Q2,fitb,"The short form of 7,000,000 is 7 × 10^____.",Maths,8,Powers and very large numbers,"Squares, cubes, roots; writing large numbers in short form.","Students can work with squares, cubes, and roots. Students can write very large numbers in short form. Students can interpret powers in large-number notation.",Applying,medium,3,"FITB for Powers and very large numbers: Squares, cubes, roots; writing large numbers in short form., aligned to Students can work with squares, cubes, and roots. Students can write very large numbers in short form. Students can interpret powers in large-number notation..",[],"7,000,000 has 6 zeros, so it can be written as 7 × 10^6.","{""placementTestTopicId"":""number_sense-g8"",""questionNumber"":""Q2"",""questionType"":""fitb"",""subject"":""Maths"",""grade"":8,""topic"":""Powers and very large numbers"",""subtopic"":""Squares, cubes, roots; writing large numbers in short form."",""generationTopic"":""Powers and very large numbers"",""generationSubtopic"":""Squares, cubes, roots; writing large numbers in short form."",""learning_objective"":""Students can work with squares, cubes, and roots. Students can write very large numbers in short form. Students can interpret powers in large-number notation."",""focus"":""writing very large numbers in power-of-10 short form"",""payload"":{""answer"":""6"",""acceptableAnswers"":[""6""],""caseSensitive"":false,""hint"":null},""planner"":{""packId"":""number_sense-g8-fitb""}}",8
3,ptg8-topicnsgfpf3-tpavlx7ys-q3-drag_drop-1,Q3,drag_drop,Sort each expression into the correct value category.,Maths,8,Powers and very large numbers,"Squares, cubes, roots; writing large numbers in short form.","Students can work with squares, cubes, and roots. Students can write very large numbers in short form. Students can interpret powers in large-number notation.",Analyzing,hard,4,"DRAG_DROP for Powers and very large numbers: Squares, cubes, roots; writing large numbers in short form., aligned to Students can work with squares, cubes, and roots. Students can write very large numbers in short form. Students can interpret powers in large-number notation..",[],"Evaluate each card, then match it to its value. Since 10^6 = 1,000,000 and √1000000 = 1000, both belong together. Also, 25^2 = 625 and ∛125 = 5. This checks understanding of squares, cubes, roots, and powers of 10 in short-form notation.","{""placementTestTopicId"":""number_sense-g8"",""questionNumber"":""Q3"",""questionType"":""drag_drop"",""subject"":""Maths"",""grade"":8,""topic"":""Powers and very large numbers"",""subtopic"":""Squares, cubes, roots; writing large numbers in short form."",""generationTopic"":""Powers and very large numbers"",""generationSubtopic"":""Squares, cubes, roots; writing large numbers in short form."",""learning_objective"":""Students can work with squares, cubes, and roots. Students can write very large numbers in short form. Students can interpret powers in large-number notation."",""focus"":""Matching powers, roots, and short-form large-number expressions to equivalent values"",""payload"":{""mode"":""classify"",""items"":[{""id"":""item_1"",""label"":""25^2""},{""id"":""item_2"",""label"":""∛125""},{""id"":""item_3"",""label"":""10^6""},{""id"":""item_4"",""label"":""√1000000""}],""targets"":[{""id"":""target_1"",""label"":""625""},{""id"":""target_2"",""label"":""5""},{""id"":""target_3"",""label"":""1,000,000""},{""id"":""target_4"",""label"":""1000""}],""answerKey"":[{""itemId"":""item_1"",""targetId"":""target_1""},{""itemId"":""item_2"",""targetId"":""target_2""},{""itemId"":""item_3"",""targetId"":""target_3""},{""itemId"":""item_4"",""targetId"":""target_4""}],""labels"":{""start"":null,""end"":null,""instruction"":""Drag each expression to its matching value.""}},""planner"":{""packId"":""number_sense-g8-drag_drop""}}",8
4,ptg7-topicnsgfpf3-tpasr1k94-q4-mcq-1,Q4,mcq,Which number is the square root of 144?,Maths,7,Powers and very large numbers,"Squares, cubes, roots; writing large numbers in short form.",Students can square and cube numbers. Students can find square roots. Students can connect powers and roots as inverse ideas.,Knowing,easy,1,"MCQ for Powers and square roots: Squaring and cubing numbers; finding square roots., aligned to Students can square and cube numbers. Students can find square roots. Students can connect powers and roots as inverse ideas..","[{""text"":""10"",""correct"":false},{""text"":""11"",""correct"":false},{""text"":""12"",""correct"":true},{""text"":""14"",""correct"":false}]","The square root of 144 is 12 because 12 × 12 = 144. A common mistake is to choose 72 by halving 144, but square roots are not found by dividing by 2.","{""placementTestTopicId"":""number_sense-g7"",""questionNumber"":""Q4"",""questionType"":""mcq"",""subject"":""Maths"",""grade"":7,""topic"":""Powers and very large numbers"",""subtopic"":""Squares, cubes, roots; writing large numbers in short form."",""generationTopic"":""Powers and square roots"",""generationSubtopic"":""Squaring and cubing numbers; finding square roots."",""learning_objective"":""Students can square and cube numbers. Students can find square roots. Students can connect powers and roots as inverse ideas."",""focus"":""finding square roots of perfect squares"",""planner"":{""packId"":""number_sense-g7-mcq""}}",8
5,ptg7-topicnsgfpf3-tpasr1k94-q5-mcq-2,Q5,mcq,"Which statement is true about the numbers 5, 25, and 125?",Maths,7,Powers and very large numbers,"Squares, cubes, roots; writing large numbers in short form.",Students can square and cube numbers. Students can find square roots. Students can connect powers and roots as inverse ideas.,Understanding,medium,3,"MCQ for Powers and square roots: Squaring and cubing numbers; finding square roots., aligned to Students can square and cube numbers. Students can find square roots. Students can connect powers and roots as inverse ideas..","[{""text"":""25 = 5² and 125 = 5³"",""correct"":true},{""text"":""25 = 5³ and 125 = 5²"",""correct"":false},{""text"":""√25 = 125"",""correct"":false},{""text"":""√125 = 5"",""correct"":false}]","The true statement is that 25 = 5² and 125 = 5³. This connects squaring and cubing to the same base, 5. The other choices mix up square roots and powers, for example 125 is not 5² and the square root of 25 is 5, not 125.","{""placementTestTopicId"":""number_sense-g7"",""questionNumber"":""Q5"",""questionType"":""mcq"",""subject"":""Maths"",""grade"":7,""topic"":""Powers and very large numbers"",""subtopic"":""Squares, cubes, roots; writing large numbers in short form."",""generationTopic"":""Powers and square roots"",""generationSubtopic"":""Squaring and cubing numbers; finding square roots."",""learning_objective"":""Students can square and cube numbers. Students can find square roots. Students can connect powers and roots as inverse ideas."",""focus"":""connecting powers and roots as inverse ideas"",""planner"":{""packId"":""number_sense-g7-mcq""}}",8
6,ptg8-topicog1ja3-tsegxz6-q6-mcq-1,Q6,mcq,Which value of x makes the equation 2x + 3 = 11 true?,Maths,8,Solving equations,Finding x when 2x + 3 = 11; substituting values.,Students can solve simple linear equations. Students can find an unknown value such as x in an equation. Students can substitute values into algebraic expressions.,Applying,easy,1,"MCQ for Solving equations: Finding x when 2x + 3 = 11; substituting values., aligned to Students can solve simple linear equations. Students can find an unknown value such as x in an equation. Students can substitute values into algebraic expressions..","[{""text"":""x = 4"",""correct"":true},{""text"":""x = 5"",""correct"":false},{""text"":""x = 7"",""correct"":false},{""text"":""x = 11"",""correct"":false}]","The correct value is x = 4 because 2(4) + 3 = 8 + 3 = 11. A common mistake is forgetting to subtract 3 first or dividing incorrectly, which can lead to choices like 5 or 7.","{""placementTestTopicId"":""operations-g8"",""questionNumber"":""Q6"",""questionType"":""mcq"",""subject"":""Maths"",""grade"":8,""topic"":""Solving equations"",""subtopic"":""Finding x when 2x + 3 = 11; substituting values."",""generationTopic"":""Solving equations"",""generationSubtopic"":""Finding x when 2x + 3 = 11; substituting values."",""learning_objective"":""Students can solve simple linear equations. Students can find an unknown value such as x in an equation. Students can substitute values into algebraic expressions."",""focus"":""Solve a one-step linear equation and verify the value by substitution."",""planner"":{""packId"":""operations-g8-mcq""}}",8
7,ptg8-topicog1ja3-tsegxz6-q7-fitb-1,Q7,fitb,"If 2x + 3 = 11, then the value of x is ____.",Maths,8,Solving equations,Finding x when 2x + 3 = 11; substituting values.,Students can solve simple linear equations. Students can find an unknown value such as x in an equation. Students can substitute values into algebraic expressions.,Applying,medium,2,"FITB for Solving equations: Finding x when 2x + 3 = 11; substituting values., aligned to Students can solve simple linear equations. Students can find an unknown value such as x in an equation. Students can substitute values into algebraic expressions..",[],"Subtract 3 from both sides to get 2x = 8. Then divide both sides by 2, so x = 4.","{""placementTestTopicId"":""operations-g8"",""questionNumber"":""Q7"",""questionType"":""fitb"",""subject"":""Maths"",""grade"":8,""topic"":""Solving equations"",""subtopic"":""Finding x when 2x + 3 = 11; substituting values."",""generationTopic"":""Solving equations"",""generationSubtopic"":""Finding x when 2x + 3 = 11; substituting values."",""learning_objective"":""Students can solve simple linear equations. Students can find an unknown value such as x in an equation. Students can substitute values into algebraic expressions."",""focus"":""Solve for the unknown value in a one-step linear equation"",""payload"":{""answer"":""4"",""acceptableAnswers"":[""4""],""caseSensitive"":false,""hint"":null},""planner"":{""packId"":""operations-g8-fitb""}}",8
8,ptg8-topicog1ja3-tsegxz6-q8-drag_drop-1,Q8,drag_drop,Sort each card into the correct value of the expression when x solves 2x + 3 = 11.,Maths,8,Solving equations,Finding x when 2x + 3 = 11; substituting values.,Students can solve simple linear equations. Students can find an unknown value such as x in an equation. Students can substitute values into algebraic expressions.,Applying,hard,4,"DRAG_DROP for Solving equations: Finding x when 2x + 3 = 11; substituting values., aligned to Students can solve simple linear equations. Students can find an unknown value such as x in an equation. Students can substitute values into algebraic expressions..",[],"First solve 2x + 3 = 11. Subtract 3 from both sides to get 2x = 8, then divide by 2 to get x = 4. Now substitute x = 4 into each expression: x + 1 = 5, 3x = 12, x - 2 = 2, and 2x + 1 = 9.","{""placementTestTopicId"":""operations-g8"",""questionNumber"":""Q8"",""questionType"":""drag_drop"",""subject"":""Maths"",""grade"":8,""topic"":""Solving equations"",""subtopic"":""Finding x when 2x + 3 = 11; substituting values."",""generationTopic"":""Solving equations"",""generationSubtopic"":""Finding x when 2x + 3 = 11; substituting values."",""learning_objective"":""Students can solve simple linear equations. Students can find an unknown value such as x in an equation. Students can substitute values into algebraic expressions."",""focus"":""Solve for x, then substitute into expressions"",""payload"":{""mode"":""classify"",""items"":[{""id"":""item_1"",""label"":""x + 1""},{""id"":""item_2"",""label"":""3x""},{""id"":""item_3"",""label"":""x - 2""},{""id"":""item_4"",""label"":""2x + 1""}],""targets"":[{""id"":""target_1"",""label"":""2""},{""id"":""target_2"",""label"":""5""},{""id"":""target_3"",""label"":""9""},{""id"":""target_4"",""label"":""12""}],""answerKey"":[{""itemId"":""item_1"",""targetId"":""target_2""},{""itemId"":""item_2"",""targetId"":""target_4""},{""itemId"":""item_3"",""targetId"":""target_1""},{""itemId"":""item_4"",""targetId"":""target_3""}],""labels"":{""start"":null,""end"":null,""instruction"":""Drag each expression to its value.""}},""planner"":{""packId"":""operations-g8-drag_drop""}}",8
9,ptg7-topicog1ja3-tnnab1tf9-q9-mcq-1,Q9,mcq,What is the value of (-6) × (-4)?,Maths,7,Solving equations,Finding x when 2x + 3 = 11; substituting values.,Students can multiply negative numbers. Students can simplify like terms in basic algebraic expressions. Students can combine integer operations with simple algebra.,Knowing,easy,1,"MCQ for Negative numbers and basic algebra: Multiplying negatives; simplifying expressions like 3x + 2x., aligned to Students can multiply negative numbers. Students can simplify like terms in basic algebraic expressions. Students can combine integer operations with simple algebra..","[{""text"":""24"",""correct"":true},{""text"":""-24"",""correct"":false},{""text"":""10"",""correct"":false},{""text"":""-10"",""correct"":false}]","A negative times a negative gives a positive, so (-6) × (-4) = 24. A common mistake is choosing -24 by forgetting that the product of two negatives is positive.","{""placementTestTopicId"":""operations-g7"",""questionNumber"":""Q9"",""questionType"":""mcq"",""subject"":""Maths"",""grade"":7,""topic"":""Solving equations"",""subtopic"":""Finding x when 2x + 3 = 11; substituting values."",""generationTopic"":""Negative numbers and basic algebra"",""generationSubtopic"":""Multiplying negatives; simplifying expressions like 3x + 2x."",""learning_objective"":""Students can multiply negative numbers. Students can simplify like terms in basic algebraic expressions. Students can combine integer operations with simple algebra."",""focus"":""Multiply two negative integers"",""planner"":{""packId"":""operations-g7-mcq""}}",8
10,ptg7-topicog1ja3-tnnab1tf9-q10-mcq-2,Q10,mcq,Which expression is equivalent to 3x + 2x - 4?,Maths,7,Solving equations,Finding x when 2x + 3 = 11; substituting values.,Students can multiply negative numbers. Students can simplify like terms in basic algebraic expressions. Students can combine integer operations with simple algebra.,Applying,medium,3,"MCQ for Negative numbers and basic algebra: Multiplying negatives; simplifying expressions like 3x + 2x., aligned to Students can multiply negative numbers. Students can simplify like terms in basic algebraic expressions. Students can combine integer operations with simple algebra..","[{""text"":""5x - 4"",""correct"":true},{""text"":""5x"",""correct"":false},{""text"":""x - 4"",""correct"":false},{""text"":""6x - 4"",""correct"":false}]","The like terms 3x and 2x combine to make 5x, so the expression simplifies to 5x - 4. A common mistake is to combine x-terms and constants incorrectly, such as writing 5x or x - 4.","{""placementTestTopicId"":""operations-g7"",""questionNumber"":""Q10"",""questionType"":""mcq"",""subject"":""Maths"",""grade"":7,""topic"":""Solving equations"",""subtopic"":""Finding x when 2x + 3 = 11; substituting values."",""generationTopic"":""Negative numbers and basic algebra"",""generationSubtopic"":""Multiplying negatives; simplifying expressions like 3x + 2x."",""learning_objective"":""Students can multiply negative numbers. Students can simplify like terms in basic algebraic expressions. Students can combine integer operations with simple algebra."",""focus"":""Simplify like terms in an algebraic expression"",""planner"":{""packId"":""operations-g7-mcq""}}",8
11,ptg8-topicfg1kw8-tpari1oho-q11-fitb-1,Q11,fitb,"A jacket costs $40 before tax. If the sales tax is 5%, the tax amount is ____ dollars.",Maths,8,Percentages and ratio in real life,"Tax, interest, percentage change in everyday problems.",Students can solve real-life percentage problems involving tax. Students can solve real-life percentage problems involving interest. Students can solve percentage change and ratio problems.,Applying,easy,2,"FITB for Percentages and ratio in real life: Tax, interest, percentage change in everyday problems., aligned to Students can solve real-life percentage problems involving tax. Students can solve real-life percentage problems involving interest. Students can solve percentage change and ratio problems..",[],Find 5% of 40: 0.05 × 40 = 2. So the tax amount is 2 dollars.,"{""placementTestTopicId"":""fractions-g8"",""questionNumber"":""Q11"",""questionType"":""fitb"",""subject"":""Maths"",""grade"":8,""topic"":""Percentages and ratio in real life"",""subtopic"":""Tax, interest, percentage change in everyday problems."",""generationTopic"":""Percentages and ratio in real life"",""generationSubtopic"":""Tax, interest, percentage change in everyday problems."",""learning_objective"":""Students can solve real-life percentage problems involving tax. Students can solve real-life percentage problems involving interest. Students can solve percentage change and ratio problems."",""focus"":""calculating tax amount from a given percentage"",""payload"":{""answer"":""2"",""acceptableAnswers"":[""2"",""2.0""],""caseSensitive"":false,""hint"":null},""planner"":{""packId"":""fractions-g8-fitb""}}",8
12,ptg8-topicfg1kw8-tpari1oho-q12-fitb-2,Q12,fitb,A savings account has $200 and earns 6% simple interest for 2 years. The total interest earned is ____ dollars.,Maths,8,Percentages and ratio in real life,"Tax, interest, percentage change in everyday problems.",Students can solve real-life percentage problems involving tax. Students can solve real-life percentage problems involving interest. Students can solve percentage change and ratio problems.,Applying,medium,3,"FITB for Percentages and ratio in real life: Tax, interest, percentage change in everyday problems., aligned to Students can solve real-life percentage problems involving tax. Students can solve real-life percentage problems involving interest. Students can solve percentage change and ratio problems..",[],"Simple interest for 1 year is 6% of 200, which is 12 dollars. For 2 years, the interest is 12 × 2 = 24 dollars.","{""placementTestTopicId"":""fractions-g8"",""questionNumber"":""Q12"",""questionType"":""fitb"",""subject"":""Maths"",""grade"":8,""topic"":""Percentages and ratio in real life"",""subtopic"":""Tax, interest, percentage change in everyday problems."",""generationTopic"":""Percentages and ratio in real life"",""generationSubtopic"":""Tax, interest, percentage change in everyday problems."",""learning_objective"":""Students can solve real-life percentage problems involving tax. Students can solve real-life percentage problems involving interest. Students can solve percentage change and ratio problems."",""focus"":""calculating simple interest over more than one year"",""payload"":{""answer"":""24"",""acceptableAnswers"":[""24"",""24.0""],""caseSensitive"":false,""hint"":""First find 6% of 200 for one year, then multiply by 2.""},""planner"":{""packId"":""fractions-g8-fitb""}}",8
13,ptg8-topicfg1kw8-tpari1oho-q13-drag_drop-1,Q13,drag_drop,Match each real-life situation to the correct percentage change result.,Maths,8,Percentages and ratio in real life,"Tax, interest, percentage change in everyday problems.",Students can solve real-life percentage problems involving tax. Students can solve real-life percentage problems involving interest. Students can solve percentage change and ratio problems.,Analyzing,hard,4,"DRAG_DROP for Percentages and ratio in real life: Tax, interest, percentage change in everyday problems., aligned to Students can solve real-life percentage problems involving tax. Students can solve real-life percentage problems involving interest. Students can solve percentage change and ratio problems..",[],"Calculate each result first, then match it. 8% tax on $50 gives $54. 5% simple interest for 1 year on $200 gives $210. A 25% increase on 80 gives 100. A 20% decrease on 150 gives 120.","{""placementTestTopicId"":""fractions-g8"",""questionNumber"":""Q13"",""questionType"":""drag_drop"",""subject"":""Maths"",""grade"":8,""topic"":""Percentages and ratio in real life"",""subtopic"":""Tax, interest, percentage change in everyday problems."",""generationTopic"":""Percentages and ratio in real life"",""generationSubtopic"":""Tax, interest, percentage change in everyday problems."",""learning_objective"":""Students can solve real-life percentage problems involving tax. Students can solve real-life percentage problems involving interest. Students can solve percentage change and ratio problems."",""focus"":""Tax, simple interest, percentage increase, and percentage decrease"",""payload"":{""mode"":""classify"",""items"":[{""id"":""item_1"",""label"":""$50 + 8% tax""},{""id"":""item_2"",""label"":""$200 + 5% interest""},{""id"":""item_3"",""label"":""80 increased by 25%""},{""id"":""item_4"",""label"":""150 decreased by 20%""}],""targets"":[{""id"":""target_1"",""label"":""$54""},{""id"":""target_2"",""label"":""$210""},{""id"":""target_3"",""label"":""100""},{""id"":""target_4"",""label"":""120""}],""answerKey"":[{""itemId"":""item_1"",""targetId"":""target_1""},{""itemId"":""item_2"",""targetId"":""target_2""},{""itemId"":""item_3"",""targetId"":""target_3""},{""itemId"":""item_4"",""targetId"":""target_4""}],""labels"":{""start"":null,""end"":null,""instruction"":""Drag each situation to its matching result.""}},""planner"":{""packId"":""fractions-g8-drag_drop""}}",8
14,ptg7-topicfg1kw8-tpari1oho-q14-mcq-1,Q14,mcq,Which set shows three equivalent values?,Maths,7,Percentages and ratio in real life,"Tax, interest, percentage change in everyday problems.","Students can convert between fractions, decimals, and percentages. Students can recognize equivalent values such as 3/4, 0.75, and 75%. Students can find percentages of amounts.",Understanding,easy,2,"MCQ for Percentages and ratio in real life: 3/4 = 0.75 = 75%; finding percentages of amounts., aligned to Students can convert between fractions, decimals, and percentages. Students can recognize equivalent values such as 3/4, 0.75, and 75%. Students can find percentages of amounts..","[{""text"":""3/4, 0.75, 75%"",""correct"":true},{""text"":""3/4, 0.57, 75%"",""correct"":false},{""text"":""3/4, 0.75, 70%"",""correct"":false},{""text"":""1/4, 0.75, 75%"",""correct"":false}]","The correct set is 3/4, 0.75, and 75% because 3 divided by 4 equals 0.75, and 0.75 written as a percentage is 75%. The other options mix values that are not equal to each other.","{""placementTestTopicId"":""fractions-g7"",""questionNumber"":""Q14"",""questionType"":""mcq"",""subject"":""Maths"",""grade"":7,""topic"":""Percentages and ratio in real life"",""subtopic"":""Tax, interest, percentage change in everyday problems."",""generationTopic"":""Percentages and ratio in real life"",""generationSubtopic"":""3/4 = 0.75 = 75%; finding percentages of amounts."",""learning_objective"":""Students can convert between fractions, decimals, and percentages. Students can recognize equivalent values such as 3/4, 0.75, and 75%. Students can find percentages of amounts."",""focus"":""Recognising equivalent fraction, decimal, and percentage forms"",""planner"":{""packId"":""fractions-g7-mcq""}}",8
15,ptg7-topicfg1kw8-tpari1oho-q15-mcq-2,Q15,mcq,A jacket costs $40. What is 75% of $40?,Maths,7,Percentages and ratio in real life,"Tax, interest, percentage change in everyday problems.","Students can convert between fractions, decimals, and percentages. Students can recognize equivalent values such as 3/4, 0.75, and 75%. Students can find percentages of amounts.",Applying,medium,3,"MCQ for Percentages and ratio in real life: 3/4 = 0.75 = 75%; finding percentages of amounts., aligned to Students can convert between fractions, decimals, and percentages. Students can recognize equivalent values such as 3/4, 0.75, and 75%. Students can find percentages of amounts..","[{""text"":""$10"",""correct"":false},{""text"":""$20"",""correct"":false},{""text"":""$30"",""correct"":true},{""text"":""$35"",""correct"":false}]","75% means 0.75 or 3/4. So 75% of $40 is 0.75 × 40 = 30, which is also 3/4 of 40. The other options come from common mistakes such as taking 25%, 50%, or adding instead of finding a part.","{""placementTestTopicId"":""fractions-g7"",""questionNumber"":""Q15"",""questionType"":""mcq"",""subject"":""Maths"",""grade"":7,""topic"":""Percentages and ratio in real life"",""subtopic"":""Tax, interest, percentage change in everyday problems."",""generationTopic"":""Percentages and ratio in real life"",""generationSubtopic"":""3/4 = 0.75 = 75%; finding percentages of amounts."",""learning_objective"":""Students can convert between fractions, decimals, and percentages. Students can recognize equivalent values such as 3/4, 0.75, and 75%. Students can find percentages of amounts."",""focus"":""Finding 75% of an amount using equivalent forms"",""planner"":{""packId"":""fractions-g7-mcq""}}",8
16,ptg8-topicwpg1srp-taapt1jnu-q16-mcq-1,Q16,mcq,"A jacket costs $80. Its price increases by 15%. Which equation gives the new total cost, y, of the jacket?",Maths,8,Algebra and percentage together,Examples include total cost after a price increase using an equation.,Students can solve word problems that combine algebra and percentages. Students can model price increase problems with equations. Students can calculate total cost after a percentage change.,Applying,easy,2,"MCQ for Algebra and percentage together: Examples include total cost after a price increase using an equation., aligned to Students can solve word problems that combine algebra and percentages. Students can model price increase problems with equations. Students can calculate total cost after a percentage change..","[{""text"":""y = 80 + 0.15(80)"",""correct"":true},{""text"":""y = 80 - 0.15(80)"",""correct"":false},{""text"":""y = 0.15 + 80"",""correct"":false},{""text"":""y = 80 × 0.15"",""correct"":false}]","A 15% increase means adding 15% of 80 to the original price, so y = 80 + 0.15(80). This equals 92. A common mistake is to subtract the percentage or use 0.15 alone instead of 15% of the original price.","{""placementTestTopicId"":""word_problems-g8"",""questionNumber"":""Q16"",""questionType"":""mcq"",""subject"":""Maths"",""grade"":8,""topic"":""Algebra and percentage together"",""subtopic"":""Examples include total cost after a price increase using an equation."",""generationTopic"":""Algebra and percentage together"",""generationSubtopic"":""Examples include total cost after a price increase using an equation."",""learning_objective"":""Students can solve word problems that combine algebra and percentages. Students can model price increase problems with equations. Students can calculate total cost after a percentage change."",""focus"":""Modeling a price increase with a linear equation"",""planner"":{""packId"":""word_problems-g8-mcq""}}",8
17,ptg8-topicwpg1srp-taapt1jnu-q17-mcq-2,Q17,mcq,A bicycle helmet costs $40. The price goes up by 25%. What is the new price?,Maths,8,Algebra and percentage together,Examples include total cost after a price increase using an equation.,Students can solve word problems that combine algebra and percentages. Students can model price increase problems with equations. Students can calculate total cost after a percentage change.,Applying,easy,2,"MCQ for Algebra and percentage together: Examples include total cost after a price increase using an equation., aligned to Students can solve word problems that combine algebra and percentages. Students can model price increase problems with equations. Students can calculate total cost after a percentage change..","[{""text"":""$10"",""correct"":false},{""text"":""$30"",""correct"":false},{""text"":""$50"",""correct"":true},{""text"":""$65"",""correct"":false}]","First find 25% of $40, which is $10. Then add it to the original price: $40 + $10 = $50. A common mistake is choosing $30 by subtracting instead of increasing, or $10 by giving only the amount of the increase.","{""placementTestTopicId"":""word_problems-g8"",""questionNumber"":""Q17"",""questionType"":""mcq"",""subject"":""Maths"",""grade"":8,""topic"":""Algebra and percentage together"",""subtopic"":""Examples include total cost after a price increase using an equation."",""generationTopic"":""Algebra and percentage together"",""generationSubtopic"":""Examples include total cost after a price increase using an equation."",""learning_objective"":""Students can solve word problems that combine algebra and percentages. Students can model price increase problems with equations. Students can calculate total cost after a percentage change."",""focus"":""Calculating total cost after a percentage increase"",""planner"":{""packId"":""word_problems-g8-mcq""}}",8
18,ptg8-topicwpg1srp-taapt1jnu-q18-fitb-1,Q18,fitb,A jacket costs $80 and its price increases by 15%. The new price is ____ dollars.,Maths,8,Algebra and percentage together,Examples include total cost after a price increase using an equation.,Students can solve word problems that combine algebra and percentages. Students can model price increase problems with equations. Students can calculate total cost after a percentage change.,Applying,medium,3,"FITB for Algebra and percentage together: Examples include total cost after a price increase using an equation., aligned to Students can solve word problems that combine algebra and percentages. Students can model price increase problems with equations. Students can calculate total cost after a percentage change..",[],First find 15% of 80: 0.15 × 80 = 12. Then add the increase to the original price: 80 + 12 = 92.,"{""placementTestTopicId"":""word_problems-g8"",""questionNumber"":""Q18"",""questionType"":""fitb"",""subject"":""Maths"",""grade"":8,""topic"":""Algebra and percentage together"",""subtopic"":""Examples include total cost after a price increase using an equation."",""generationTopic"":""Algebra and percentage together"",""generationSubtopic"":""Examples include total cost after a price increase using an equation."",""learning_objective"":""Students can solve word problems that combine algebra and percentages. Students can model price increase problems with equations. Students can calculate total cost after a percentage change."",""focus"":""calculating total cost after a percentage increase"",""payload"":{""answer"":""92"",""acceptableAnswers"":[""92"",""92.0""],""caseSensitive"":false,""hint"":null},""planner"":{""packId"":""word_problems-g8-fitb""}}",8
19,ptg8-topicwpg1srp-taapt1jnu-q19-drag_drop-1,Q19,drag_drop,A jacket has original price x dollars and the price increases by 15%. Drag each card to match the correct part of the equation for the new total cost.,Maths,8,Algebra and percentage together,Examples include total cost after a price increase using an equation.,Students can solve word problems that combine algebra and percentages. Students can model price increase problems with equations. Students can calculate total cost after a percentage change.,Applying,medium,3,"DRAG_DROP for Algebra and percentage together: Examples include total cost after a price increase using an equation., aligned to Students can solve word problems that combine algebra and percentages. Students can model price increase problems with equations. Students can calculate total cost after a percentage change..",[],"A 15% increase means add 15% of the original price to the original price. So increase amount = 0.15x, original price = x, and new total = x + 0.15x = 1.15x.","{""placementTestTopicId"":""word_problems-g8"",""questionNumber"":""Q19"",""questionType"":""drag_drop"",""subject"":""Maths"",""grade"":8,""topic"":""Algebra and percentage together"",""subtopic"":""Examples include total cost after a price increase using an equation."",""generationTopic"":""Algebra and percentage together"",""generationSubtopic"":""Examples include total cost after a price increase using an equation."",""learning_objective"":""Students can solve word problems that combine algebra and percentages. Students can model price increase problems with equations. Students can calculate total cost after a percentage change."",""focus"":""Model a price increase with algebraic expressions"",""payload"":{""mode"":""classify"",""items"":[{""id"":""item_1"",""label"":""x""},{""id"":""item_2"",""label"":""0.15x""},{""id"":""item_3"",""label"":""x + 0.15x""},{""id"":""item_4"",""label"":""1.15x""}],""targets"":[{""id"":""target_1"",""label"":""Original price""},{""id"":""target_2"",""label"":""Increase amount""},{""id"":""target_3"",""label"":""New total cost""},{""id"":""target_4"",""label"":""Simplified new total""}],""answerKey"":[{""itemId"":""item_1"",""targetId"":""target_1""},{""itemId"":""item_2"",""targetId"":""target_2""},{""itemId"":""item_3"",""targetId"":""target_3""},{""itemId"":""item_4"",""targetId"":""target_4""}],""labels"":{""start"":null,""end"":null,""instruction"":""Drag each card to its matching description.""}},""planner"":{""packId"":""word_problems-g8-drag_drop""}}",8
20,ptg8-topicwpg1srp-taapt1jnu-q20-drag_drop-2,Q20,drag_drop,A phone case now costs $27.60 after a 15% price increase. Drag the cards into the correct order to show how to find the original price.,Maths,8,Algebra and percentage together,Examples include total cost after a price increase using an equation.,Students can solve word problems that combine algebra and percentages. Students can model price increase problems with equations. Students can calculate total cost after a percentage change.,Analyzing,hard,4,"DRAG_DROP for Algebra and percentage together: Examples include total cost after a price increase using an equation., aligned to Students can solve word problems that combine algebra and percentages. Students can model price increase problems with equations. Students can calculate total cost after a percentage change..",[],"If the original price is x, then after a 15% increase the new price is 1.15x. Since the final price is 27.60, solve 1.15x = 27.60, so x = 27.60 ÷ 1.15 = 24. The original price was $24.","{""placementTestTopicId"":""word_problems-g8"",""questionNumber"":""Q20"",""questionType"":""drag_drop"",""subject"":""Maths"",""grade"":8,""topic"":""Algebra and percentage together"",""subtopic"":""Examples include total cost after a price increase using an equation."",""generationTopic"":""Algebra and percentage together"",""generationSubtopic"":""Examples include total cost after a price increase using an equation."",""learning_objective"":""Students can solve word problems that combine algebra and percentages. Students can model price increase problems with equations. Students can calculate total cost after a percentage change."",""focus"":""Reverse a percentage increase using an equation"",""payload"":{""mode"":""order"",""items"":[{""id"":""item_1"",""label"":""Let the original price be x""},{""id"":""item_2"",""label"":""1.15x = 27.60""},{""id"":""item_3"",""label"":""x = 27.60 ÷ 1.15""},{""id"":""item_4"",""label"":""x = 24""}],""targets"":[{""id"":""target_1"",""label"":""Step 1""},{""id"":""target_2"",""label"":""Step 2""},{""id"":""target_3"",""label"":""Step 3""},{""id"":""target_4"",""label"":""Step 4""}],""answerKey"":[{""itemId"":""item_1"",""targetId"":""target_1""},{""itemId"":""item_2"",""targetId"":""target_2""},{""itemId"":""item_3"",""targetId"":""target_3""},{""itemId"":""item_4"",""targetId"":""target_4""}],""labels"":{""start"":""First"",""end"":""Last"",""instruction"":""Put the steps in order.""}},""planner"":{""packId"":""word_problems-g8-drag_drop""}}",8
