rowNumber,queueId,questionNumber,questionType,questionText,subject,grade,topic,subtopic,learningObjective,bloomsLevel,difficultyLevel,difficultyRating,summary,options,explanation,generationMetadata
1,tfmp1lss-spcn1oje-lscuarrok-q1-mcq,Q1,mcq,Two students make different factor trees for 48 stickers. Maya starts with 48 = 6 × 8 and finishes with 2 × 3 × 2 × 2 × 2. Ben starts with 48 = 3 × 16 and says the finished prime factorization is 2 × 2 × 2 × 3. Which statement is correct?,Maths,4,"Factors, Multiples & Primes",Prime & Composite Numbers,Students can use a factor tree to find prime factors,Analyzing,hard,4,"MCQ for Grade 4 Factors, Multiples & Primes: Prime & Composite Numbers, aligned to Students can use a factor tree to find prime factors.","[{""text"":""Maya is correct because 2 × 3 × 2 × 2 × 2 = 48, but Ben is missing one factor of 2."",""correct"":true},{""text"":""Ben is correct because starting with 3 × 16 always uses fewer prime factors than starting with 6 × 8."",""correct"":false},{""text"":""Both are correct because different factor trees can end with different prime factorizations."",""correct"":false},{""text"":""Neither is correct because 48 cannot be written as a product of only prime numbers."",""correct"":false}]","Finish each tree until all factors are prime. Maya's factors are 2, 2, 2, 2, and 3, and 2 × 2 × 2 × 2 × 3 = 48. Ben wrote 2 × 2 × 2 × 3, which equals 24, so he left out one factor of 2. Different factor trees for the same number must end with the same prime factors, so the statement saying both can be different is false. Also, 48 can be written as a product of prime numbers.","{""questionNumber"":""Q1"",""questionType"":""mcq"",""subject"":""Maths"",""grade"":4,""topic"":""Factors, Multiples & Primes"",""subtopic"":""Prime & Composite Numbers"",""learning_objective"":""Students can use a factor tree to find prime factors"",""focus"":""compare_methods""}"
2,tfmp1lss-spcn1oje-lscuarrok-q2-mcq,Q2,mcq,Decide which claim about the number 54 is true when making a factor tree for 54 crunchy cookies.,Maths,4,"Factors, Multiples & Primes",Prime & Composite Numbers,Students can use a factor tree to find prime factors,Evaluating,hard,4,"MCQ for Grade 4 Factors, Multiples & Primes: Prime & Composite Numbers, aligned to Students can use a factor tree to find prime factors.","[{""text"":""54 can end as 2 × 3 × 3 × 3 because 54 = 6 × 9 and then 6 = 2 × 3 and 9 = 3 × 3."",""correct"":true},{""text"":""54 can end as 6 × 9 because both numbers come from the first split."",""correct"":false},{""text"":""54 can end as 2 × 27 because 27 is odd, so it is prime."",""correct"":false},{""text"":""54 has only two prime factors, 2 and 3, so the finished tree is 2 × 3."",""correct"":false}]","Nice job! 54 = 6 × 9 = 2 × 3 × 3 × 3, and all of those are prime. The other choices stop too early or treat 27 as prime when it is not.","{""questionNumber"":""Q2"",""questionType"":""mcq"",""subject"":""Maths"",""grade"":4,""topic"":""Factors, Multiples & Primes"",""subtopic"":""Prime & Composite Numbers"",""learning_objective"":""Students can use a factor tree to find prime factors"",""focus"":""evaluate_a_claim""}"
3,tfmp1lss-spcn1oje-lscuarrok-q3-mcq,Q3,mcq,"A toy shop has a mystery bag of marbles. The finished factor tree for the number of marbles ends with 2, 2, 3, and 5. The bag has more than 50 marbles but fewer than 70 marbles. Choose the number of marbles in the bag.",Maths,4,"Factors, Multiples & Primes",Prime & Composite Numbers,Students can use a factor tree to find prime factors,Analyzing,hard,4,"MCQ for Grade 4 Factors, Multiples & Primes: Prime & Composite Numbers, aligned to Students can use a factor tree to find prime factors.","[{""text"":""55"",""correct"":false},{""text"":""60"",""correct"":true},{""text"":""65"",""correct"":false},{""text"":""70"",""correct"":false}]",You did it! Multiply the prime factors: 2 × 2 × 3 × 5 = 60. It also fits between 50 and 70. The other numbers do not match those prime factors.,"{""questionNumber"":""Q3"",""questionType"":""mcq"",""subject"":""Maths"",""grade"":4,""topic"":""Factors, Multiples & Primes"",""subtopic"":""Prime & Composite Numbers"",""learning_objective"":""Students can use a factor tree to find prime factors"",""focus"":""reverse_reasoning""}"
4,tfmp1lss-spcn1oje-lscuarrok-q4-mcq,Q4,mcq,"Look at the factor tree steps for 42 gummy bears: 42 = 6 × 7, then 6 = 2 × 3, so the bottom numbers are 2, 3, and 7. Another method shows 42 = 3 × 14, then 14 = 2 × 7, so the bottom numbers are 3, 2, and 7. Choose the best judgment about these two methods.",Maths,4,"Factors, Multiples & Primes",Prime & Composite Numbers,Students can use a factor tree to find prime factors,Evaluating,hard,4,"MCQ for Grade 4 Factors, Multiples & Primes: Prime & Composite Numbers, aligned to Students can use a factor tree to find prime factors.","[{""text"":""Only the first method is correct because it starts with the smaller factor pair."",""correct"":false},{""text"":""Only the second method is correct because 14 is even."",""correct"":false},{""text"":""Both methods are correct because they end with the same prime factors: 2, 3, and 7."",""correct"":true},{""text"":""Neither method is correct because 42 should split straight to 1 and 42."",""correct"":false}]","Excellent work! Both trees are correct because they both finish with the same prime factors: 2, 3, and 7. The order can change, but the prime factors stay the same.","{""questionNumber"":""Q4"",""questionType"":""mcq"",""subject"":""Maths"",""grade"":4,""topic"":""Factors, Multiples & Primes"",""subtopic"":""Prime & Composite Numbers"",""learning_objective"":""Students can use a factor tree to find prime factors"",""focus"":""compare_methods""}"
5,tfmp1lss-spcn1oje-lscuarrok-q5-mcq,Q5,mcq,"Use this factor tree for 72: 72 = 6 × 12, 6 = 2 × 3, 12 = 3 × 4, 4 = 2 × 2. Which answer correctly checks whether the prime factorization is complete and correct?",Maths,4,"Factors, Multiples & Primes",Prime & Composite Numbers,Students can use a factor tree to find prime factors,Analyzing,hard,4,"MCQ for Grade 4 Factors, Multiples & Primes: Prime & Composite Numbers, aligned to Students can use a factor tree to find prime factors.","[{""text"":""The work is correct because 2 × 3 × 3 × 2 × 2 = 72, so the prime factorization is 2 × 2 × 2 × 3 × 3."",""correct"":true},{""text"":""The work is incorrect because 12 should be split as 2 × 6, so no factor tree starting with 6 × 12 can work."",""correct"":false},{""text"":""The work is incorrect because 12 = 3 × 4 is not allowed in a factor tree, even though both numbers multiply to 12."",""correct"":false},{""text"":""The work is incorrect because the finished prime factorization should be 2 × 3 × 3 × 2, not 2 × 3 × 3 × 2 × 2."",""correct"":false}]","The factor tree is complete because each branch ends in prime numbers: 2, 3, 3, 2, and 2. Multiplying them gives 2 × 3 × 3 × 2 × 2 = 72, so the prime factorization is correct. Written in order, it is 2 × 2 × 2 × 3 × 3. Splitting 12 as 3 × 4 is allowed because 3 × 4 = 12, and 4 can then be split into 2 × 2. The option with 2 × 3 × 3 × 2 equals 36, so it is missing one factor of 2.","{""questionNumber"":""Q5"",""questionType"":""mcq"",""subject"":""Maths"",""grade"":4,""topic"":""Factors, Multiples & Primes"",""subtopic"":""Prime & Composite Numbers"",""learning_objective"":""Students can use a factor tree to find prime factors"",""focus"":""find_the_error""}"
6,tfmp1lss-spcn1oje-lscuarrok-q6-mcq,Q6,mcq,Choose the correct result for the prime factor tree of 9 stickers.,Maths,4,"Factors, Multiples & Primes",Prime & Composite Numbers,Students can use a factor tree to find prime factors,Applying,easy,1,"MCQ for Grade 4 Factors, Multiples & Primes: Prime & Composite Numbers, aligned to Students can use a factor tree to find prime factors.","[{""text"":""3 × 3"",""correct"":true},{""text"":""1 × 9"",""correct"":false},{""text"":""2 × 4"",""correct"":false},{""text"":""9 × 1 × 1"",""correct"":false}]","You got it! 9 splits into 3 and 3, and both 3s are prime.","{""questionNumber"":""Q6"",""questionType"":""mcq"",""subject"":""Maths"",""grade"":4,""topic"":""Factors, Multiples & Primes"",""subtopic"":""Prime & Composite Numbers"",""learning_objective"":""Students can use a factor tree to find prime factors"",""focus"":""identify prime factors of a square number""}"
7,tfmp1lss-spcn1oje-lscuarrok-q7-mcq,Q7,mcq,Choose the sentence that is correct about the number 21 in a factor tree.,Maths,4,"Factors, Multiples & Primes",Prime & Composite Numbers,Students can use a factor tree to find prime factors,Understanding,easy,1,"MCQ for Grade 4 Factors, Multiples & Primes: Prime & Composite Numbers, aligned to Students can use a factor tree to find prime factors.","[{""text"":""21 can split into 3 and 7, and both are prime."",""correct"":true},{""text"":""21 is prime, so it cannot split at all."",""correct"":false},{""text"":""21 can split into 2 and 10."",""correct"":false},{""text"":""21 has only one prime factor, 21."",""correct"":false}]","Great effort! 21 = 3 × 7, and both 3 and 7 are prime numbers.","{""questionNumber"":""Q7"",""questionType"":""mcq"",""subject"":""Maths"",""grade"":4,""topic"":""Factors, Multiples & Primes"",""subtopic"":""Prime & Composite Numbers"",""learning_objective"":""Students can use a factor tree to find prime factors"",""focus"":""recognise factor pair leading to prime factors""}"
8,tfmp1lss-spcn1oje-lscuarrok-q8-mcq,Q8,mcq,A pirate chest has 18 gold stickers. A factor tree starts with 2 and 9. Pick the prime number from these choices that also appears at the end of the tree.,Maths,4,"Factors, Multiples & Primes",Prime & Composite Numbers,Students can use a factor tree to find prime factors,Applying,easy,1,"MCQ for Grade 4 Factors, Multiples & Primes: Prime & Composite Numbers, aligned to Students can use a factor tree to find prime factors.","[{""text"":""3"",""correct"":true},{""text"":""9"",""correct"":false},{""text"":""18"",""correct"":false},{""text"":""6"",""correct"":false}]","Nice job! Since 9 splits into 3 and 3, one prime at the end is 3. The numbers 9, 18, and 6 are composite.","{""questionNumber"":""Q8"",""questionType"":""mcq"",""subject"":""Maths"",""grade"":4,""topic"":""Factors, Multiples & Primes"",""subtopic"":""Prime & Composite Numbers"",""learning_objective"":""Students can use a factor tree to find prime factors"",""focus"":""identify end primes in a simple factor tree""}"
9,tfmp1lss-spcn1oje-lscuarrok-q9-mcq,Q9,mcq,Compare these results for the prime factors of 8: 2 × 2 × 2 and 4 × 2. Decide which one is the prime factor result.,Maths,4,"Factors, Multiples & Primes",Prime & Composite Numbers,Students can use a factor tree to find prime factors,Analyzing,easy,1,"MCQ for Grade 4 Factors, Multiples & Primes: Prime & Composite Numbers, aligned to Students can use a factor tree to find prime factors.","[{""text"":""2 × 2 × 2"",""correct"":true},{""text"":""4 × 2"",""correct"":false},{""text"":""8 × 1"",""correct"":false},{""text"":""6 + 2"",""correct"":false}]",Fantastic! 2 × 2 × 2 uses only prime numbers. 4 × 2 is not all prime because 4 can still split.,"{""questionNumber"":""Q9"",""questionType"":""mcq"",""subject"":""Maths"",""grade"":4,""topic"":""Factors, Multiples & Primes"",""subtopic"":""Prime & Composite Numbers"",""learning_objective"":""Students can use a factor tree to find prime factors"",""focus"":""choose full prime factor form""}"
10,tfmp1lss-spcn1oje-lscuarrok-q10-mcq,Q10,mcq,What does this result tell us about 16 crayons: 16 = 2 × 2 × 2 × 2? Choose the best answer.,Maths,4,"Factors, Multiples & Primes",Prime & Composite Numbers,Students can use a factor tree to find prime factors,Understanding,easy,1,"MCQ for Grade 4 Factors, Multiples & Primes: Prime & Composite Numbers, aligned to Students can use a factor tree to find prime factors.","[{""text"":""The prime factors of 16 are all 2s."",""correct"":true},{""text"":""16 is a prime number."",""correct"":false},{""text"":""16 has prime factors 8 and 2."",""correct"":false},{""text"":""16 cannot be shown in a factor tree."",""correct"":false}]","Brilliant! 16 = 2 × 2 × 2 × 2, so all the prime factors are 2.","{""questionNumber"":""Q10"",""questionType"":""mcq"",""subject"":""Maths"",""grade"":4,""topic"":""Factors, Multiples & Primes"",""subtopic"":""Prime & Composite Numbers"",""learning_objective"":""Students can use a factor tree to find prime factors"",""focus"":""interpret prime factor product""}"
11,tfmp1lss-spcn1oje-lscuarrok-q11-mcq,Q11,mcq,Choose the correct result for the prime factors of 6 little robots.,Maths,4,"Factors, Multiples & Primes",Prime & Composite Numbers,Students can use a factor tree to find prime factors,Applying,easy,1,"MCQ for Grade 4 Factors, Multiples & Primes: Prime & Composite Numbers, aligned to Students can use a factor tree to find prime factors.","[{""text"":""2 × 3"",""correct"":true},{""text"":""1 × 6"",""correct"":false},{""text"":""6 × 1"",""correct"":false},{""text"":""4 × 2"",""correct"":false}]","Lovely work! 6 splits into 2 and 3, and both are prime numbers.","{""questionNumber"":""Q11"",""questionType"":""mcq"",""subject"":""Maths"",""grade"":4,""topic"":""Factors, Multiples & Primes"",""subtopic"":""Prime & Composite Numbers"",""learning_objective"":""Students can use a factor tree to find prime factors"",""focus"":""write simple prime factor pair""}"
12,tfmp1lss-spcn1oje-lscuarrok-q12-mcq,Q12,mcq,Decide which claim about the number 7 is true when making a factor tree.,Maths,4,"Factors, Multiples & Primes",Prime & Composite Numbers,Students can use a factor tree to find prime factors,Understanding,easy,1,"MCQ for Grade 4 Factors, Multiples & Primes: Prime & Composite Numbers, aligned to Students can use a factor tree to find prime factors.","[{""text"":""7 is prime, so the tree stops at 7."",""correct"":true},{""text"":""7 splits into 2 and 5."",""correct"":false},{""text"":""7 is composite because it is odd."",""correct"":false},{""text"":""7 has three factors."",""correct"":false}]","Wonderful! 7 is prime, so it stays at the end of the factor tree.","{""questionNumber"":""Q12"",""questionType"":""mcq"",""subject"":""Maths"",""grade"":4,""topic"":""Factors, Multiples & Primes"",""subtopic"":""Prime & Composite Numbers"",""learning_objective"":""Students can use a factor tree to find prime factors"",""focus"":""recognise that prime numbers do not split further""}"
13,tfmp1lss-spcn1oje-lscuarrok-q13-mcq,Q13,mcq,A snack box holds 20 cookies. One factor tree path shows 4 and 5. Choose the prime factor pair at the end of the whole tree.,Maths,4,"Factors, Multiples & Primes",Prime & Composite Numbers,Students can use a factor tree to find prime factors,Applying,easy,1,"MCQ for Grade 4 Factors, Multiples & Primes: Prime & Composite Numbers, aligned to Students can use a factor tree to find prime factors.","[{""text"":""2, 2, and 5"",""correct"":true},{""text"":""4 and 5"",""correct"":false},{""text"":""10 and 2"",""correct"":false},{""text"":""1 and 20"",""correct"":false}]","Great thinking! 20 = 4 × 5, and 4 splits into 2 × 2, so the prime factors are 2, 2, and 5.","{""questionNumber"":""Q13"",""questionType"":""mcq"",""subject"":""Maths"",""grade"":4,""topic"":""Factors, Multiples & Primes"",""subtopic"":""Prime & Composite Numbers"",""learning_objective"":""Students can use a factor tree to find prime factors"",""focus"":""complete prime factors from a partial factor tree""}"
14,tfmp1lss-spcn1oje-lscuarrok-q14-mcq,Q14,mcq,Look at the factor tree results for 22 toy blocks. Decide which answer is correct.,Maths,4,"Factors, Multiples & Primes",Prime & Composite Numbers,Students can use a factor tree to find prime factors,Analyzing,easy,1,"MCQ for Grade 4 Factors, Multiples & Primes: Prime & Composite Numbers, aligned to Students can use a factor tree to find prime factors.","[{""text"":""22 = 2 × 11"",""correct"":true},{""text"":""22 = 4 × 5"",""correct"":false},{""text"":""22 = 3 × 7"",""correct"":false},{""text"":""22 = 1 × 22 as prime factors"",""correct"":false}]","Excellent! 22 splits into 2 and 11, and both numbers are prime. That makes 2 × 11 the correct prime factor result.","{""questionNumber"":""Q14"",""questionType"":""mcq"",""subject"":""Maths"",""grade"":4,""topic"":""Factors, Multiples & Primes"",""subtopic"":""Prime & Composite Numbers"",""learning_objective"":""Students can use a factor tree to find prime factors"",""focus"":""choose correct prime factorisation""}"
15,tfmp1lss-spcn1oje-lscuarrok-q15-mcq,Q15,mcq,Choose the factor tree that correctly breaks 36 all the way into prime factors.,Maths,4,"Factors, Multiples & Primes",Prime & Composite Numbers,Students can use a factor tree to find prime factors,Applying,medium,3,"MCQ for Grade 4 Factors, Multiples & Primes: Prime & Composite Numbers, aligned to Students can use a factor tree to find prime factors.","[{""text"":""36 = 6 × 6, 6 = 2 × 3, 6 = 2 × 3, so 36 = 2 × 2 × 3 × 3"",""correct"":true},{""text"":""36 = 4 × 9, 4 = 2 × 2, 9 = 9, so 36 = 2 × 2 × 9"",""correct"":false},{""text"":""36 = 12 × 3, 12 = 6 × 2, so 36 = 6 × 2 × 3"",""correct"":false},{""text"":""36 = 18 × 2, 18 = 9 × 2, so 36 = 9 × 2 × 2"",""correct"":false}]","Nice job thinking about all the branches! A factor tree must end with only prime numbers, so 2 × 2 × 3 × 3 is correct. The other choices stop too soon with 6 or 9, and those are not prime.","{""questionNumber"":""Q15"",""questionType"":""mcq"",""subject"":""Maths"",""grade"":4,""topic"":""Factors, Multiples & Primes"",""subtopic"":""Prime & Composite Numbers"",""learning_objective"":""Students can use a factor tree to find prime factors"",""focus"":""error_correction""}"
16,tfmp1lss-spcn1oje-lscuarrok-q16-mcq,Q16,mcq,"A factor tree ends with the prime numbers 2, 2, and 5. Which statement must be true about the original number?",Maths,4,"Factors, Multiples & Primes",Prime & Composite Numbers,Students can use a factor tree to find prime factors,Understanding,medium,3,"MCQ for Grade 4 Factors, Multiples & Primes: Prime & Composite Numbers, aligned to Students can use a factor tree to find prime factors.","[{""text"":""The number is 20, because all three prime factors must be multiplied: 2 × 2 × 5."",""correct"":true},{""text"":""The number is 10, because only the different prime factors matter: 2 × 5."",""correct"":false},{""text"":""The number could be 20 or 10, depending on how the tree is drawn."",""correct"":false},{""text"":""The number cannot be found from prime factors alone."",""correct"":false}]","The original number is found by multiplying all the prime factors at the ends of the tree: 2 × 2 × 5 = 20. The repeated 2 must be included, so 10 is wrong. The number is not '20 or 10' because a factor tree with end factors 2, 2, and 5 represents one product only. Prime factors are enough to determine the number, so the last option is also wrong.","{""questionNumber"":""Q16"",""questionType"":""mcq"",""subject"":""Maths"",""grade"":4,""topic"":""Factors, Multiples & Primes"",""subtopic"":""Prime & Composite Numbers"",""learning_objective"":""Students can use a factor tree to find prime factors"",""focus"":""constrained_selection""}"
17,tfmp1lss-spcn1oje-lscuarrok-q18-mcq,Q18,mcq,A toy shop packs 28 stickers into bags. One factor tree starts with 28 = 4 × 7. Another starts with 28 = 2 × 14. Choose the answer that tells what both trees end with.,Maths,4,"Factors, Multiples & Primes",Prime & Composite Numbers,Students can use a factor tree to find prime factors,Applying,medium,3,"MCQ for Grade 4 Factors, Multiples & Primes: Prime & Composite Numbers, aligned to Students can use a factor tree to find prime factors.","[{""text"":""2 × 2 × 7"",""correct"":true},{""text"":""4 × 7"",""correct"":false},{""text"":""2 × 14"",""correct"":false},{""text"":""1 × 28"",""correct"":false}]","You’re doing great! No matter how the factor tree starts, 28 ends with the same prime factors: 2 × 2 × 7. The other choices still have numbers that are not all prime or are just starting factors.","{""questionNumber"":""Q18"",""questionType"":""mcq"",""subject"":""Maths"",""grade"":4,""topic"":""Factors, Multiples & Primes"",""subtopic"":""Prime & Composite Numbers"",""learning_objective"":""Students can use a factor tree to find prime factors"",""focus"":""context_interpretation""}"
18,tfmp1lss-spcn1oje-lscuarrok-q19-mcq,Q19,mcq,"Look at the two factor trees for 30. Tree A ends with 2, 3, and 5. Tree B ends with 6 and 5. Decide which judgment is correct.",Maths,4,"Factors, Multiples & Primes",Prime & Composite Numbers,Students can use a factor tree to find prime factors,Analyzing,medium,3,"MCQ for Grade 4 Factors, Multiples & Primes: Prime & Composite Numbers, aligned to Students can use a factor tree to find prime factors.","[{""text"":""Tree A is correct because all the end numbers are prime."",""correct"":true},{""text"":""Tree B is correct because 6 × 5 = 30."",""correct"":false},{""text"":""Both trees are correct because they both make 30."",""correct"":false},{""text"":""Neither tree is correct because 30 has only two factors."",""correct"":false}]","Excellent checking! Tree A is correct because factor trees must end with prime numbers only. Tree B stops at 6, and 6 is composite.","{""questionNumber"":""Q19"",""questionType"":""mcq"",""subject"":""Maths"",""grade"":4,""topic"":""Factors, Multiples & Primes"",""subtopic"":""Prime & Composite Numbers"",""learning_objective"":""Students can use a factor tree to find prime factors"",""focus"":""compare_or_judge""}"
19,tfmp1lss-spcn1oje-lscuarrok-q20-mcq,Q20,mcq,Choose the method that correctly solves the prime factorization of 45.,Maths,4,"Factors, Multiples & Primes",Prime & Composite Numbers,Students can use a factor tree to find prime factors,Applying,medium,3,"MCQ for Grade 4 Factors, Multiples & Primes: Prime & Composite Numbers, aligned to Students can use a factor tree to find prime factors.","[{""text"":""45 = 9 × 5, 9 = 3 × 3, so 45 = 3 × 3 × 5"",""correct"":true},{""text"":""45 = 15 × 3, so 45 = 15 × 3"",""correct"":false},{""text"":""45 = 5 × 9, so 45 = 5 × 9 because both numbers are factors"",""correct"":false},{""text"":""45 = 1 × 45, so 45 is prime"",""correct"":false}]","Super work! The correct method keeps splitting until only primes are left, so 45 = 3 × 3 × 5. The other methods stop before reaching all prime factors or make a wrong claim.","{""questionNumber"":""Q20"",""questionType"":""mcq"",""subject"":""Maths"",""grade"":4,""topic"":""Factors, Multiples & Primes"",""subtopic"":""Prime & Composite Numbers"",""learning_objective"":""Students can use a factor tree to find prime factors"",""focus"":""error_correction""}"
20,tfmp1lss-spcn1oje-lscuarrok-q21-mcq,Q21,mcq,"A number has the prime factors 2, 2, 2, and 7. Which check shows the correct number and explains why the others are too small?",Maths,4,"Factors, Multiples & Primes",Prime & Composite Numbers,Students can use a factor tree to find prime factors,Applying,medium,3,"MCQ for Grade 4 Factors, Multiples & Primes: Prime & Composite Numbers, aligned to Students can use a factor tree to find prime factors.","[{""text"":""56, because 2 × 2 × 2 × 7 = 56"",""correct"":true},{""text"":""28, because 2 × 2 × 7 = 28"",""correct"":false},{""text"":""42, because 2 × 3 × 7 = 42"",""correct"":false},{""text"":""14, because 2 × 7 = 14"",""correct"":false}]","The correct number is 56 because all four prime factors must be multiplied: 2 × 2 × 2 × 7 = 56. 28 uses only three of the needed prime factors, so it is missing one 2. 42 uses a 3, which is not one of the given prime factors. 14 uses only 2 × 7, so it is missing two 2s.","{""questionNumber"":""Q21"",""questionType"":""mcq"",""subject"":""Maths"",""grade"":4,""topic"":""Factors, Multiples & Primes"",""subtopic"":""Prime & Composite Numbers"",""learning_objective"":""Students can use a factor tree to find prime factors"",""focus"":""multi_step_application""}"
21,tfmp1lss-spcn1oje-lscuarrok-q22-mcq,Q22,mcq,Choose the sentence that is correct about the number 18 after making a factor tree.,Maths,4,"Factors, Multiples & Primes",Prime & Composite Numbers,Students can use a factor tree to find prime factors,Understanding,medium,3,"MCQ for Grade 4 Factors, Multiples & Primes: Prime & Composite Numbers, aligned to Students can use a factor tree to find prime factors.","[{""text"":""18 is composite, and its prime factors are 2, 3, and 3."",""correct"":true},{""text"":""18 is prime because it is even."",""correct"":false},{""text"":""18 has prime factors 6 and 3."",""correct"":false},{""text"":""18 can only be split one way, so it has one factor tree answer."",""correct"":false}]","Nice thinking! 18 is composite, and its prime factors are 2 × 3 × 3. Even though a tree can start in different ways, it ends with the same prime factors.","{""questionNumber"":""Q22"",""questionType"":""mcq"",""subject"":""Maths"",""grade"":4,""topic"":""Factors, Multiples & Primes"",""subtopic"":""Prime & Composite Numbers"",""learning_objective"":""Students can use a factor tree to find prime factors"",""focus"":""which_statement""}"
22,tfmp1lss-spcn1oje-lscuarrok-q23-mcq,Q23,mcq,A box of sweets has 32 candies. It is split in a factor tree until only prime numbers are left. Pick the final set of prime factors.,Maths,4,"Factors, Multiples & Primes",Prime & Composite Numbers,Students can use a factor tree to find prime factors,Applying,medium,3,"MCQ for Grade 4 Factors, Multiples & Primes: Prime & Composite Numbers, aligned to Students can use a factor tree to find prime factors.","[{""text"":""2 × 2 × 2 × 2 × 2"",""correct"":true},{""text"":""4 × 8"",""correct"":false},{""text"":""16 × 2"",""correct"":false},{""text"":""2 × 2 × 8"",""correct"":false}]","Fantastic! 32 keeps splitting into 2s, so the prime factorization is 2 × 2 × 2 × 2 × 2. The other choices still include composite numbers like 4, 8, or 16.","{""questionNumber"":""Q23"",""questionType"":""mcq"",""subject"":""Maths"",""grade"":4,""topic"":""Factors, Multiples & Primes"",""subtopic"":""Prime & Composite Numbers"",""learning_objective"":""Students can use a factor tree to find prime factors"",""focus"":""context_interpretation""}"
23,tfmp1lss-spcn1oje-lscuarrok-q24-mcq,Q24,mcq,Compare these two ideas about 27. Idea 1 ends with 3 × 3 × 3. Idea 2 ends with 9 × 3. Decide which comparison is correct.,Maths,4,"Factors, Multiples & Primes",Prime & Composite Numbers,Students can use a factor tree to find prime factors,Analyzing,medium,3,"MCQ for Grade 4 Factors, Multiples & Primes: Prime & Composite Numbers, aligned to Students can use a factor tree to find prime factors.","[{""text"":""Idea 1 is better because it ends with only prime numbers."",""correct"":true},{""text"":""Idea 2 is better because it uses fewer numbers."",""correct"":false},{""text"":""Both are prime factorizations because both equal 27."",""correct"":false},{""text"":""Neither works because 27 cannot be split into factors."",""correct"":false}]","You spotted it! 3 × 3 × 3 is correct because all the end numbers are prime. The number 9 in Idea 2 is composite, so that tree is not finished.","{""questionNumber"":""Q24"",""questionType"":""mcq"",""subject"":""Maths"",""grade"":4,""topic"":""Factors, Multiples & Primes"",""subtopic"":""Prime & Composite Numbers"",""learning_objective"":""Students can use a factor tree to find prime factors"",""focus"":""compare_or_judge""}"
24,tfmp1lss-spcn1oje-lscuarrok-q25-mcq,Q25,mcq,A finished factor tree for 40 must end with prime numbers only. Which equation could be written at the bottom of the finished tree?,Maths,4,"Factors, Multiples & Primes",Prime & Composite Numbers,Students can use a factor tree to find prime factors,Applying,medium,3,"MCQ for Grade 4 Factors, Multiples & Primes: Prime & Composite Numbers, aligned to Students can use a factor tree to find prime factors.","[{""text"":""40 = 2 × 2 × 2 × 5"",""correct"":true},{""text"":""40 = 4 × 10"",""correct"":false},{""text"":""40 = 8 × 5"",""correct"":false},{""text"":""40 = 20 × 2"",""correct"":false}]","The correct finished factor tree ends with only prime numbers: 40 = 2 × 2 × 2 × 5. The other choices do equal 40, but they are not finished because 4, 8, 10, and 20 are composite and would need to be split further.","{""questionNumber"":""Q25"",""questionType"":""mcq"",""subject"":""Maths"",""grade"":4,""topic"":""Factors, Multiples & Primes"",""subtopic"":""Prime & Composite Numbers"",""learning_objective"":""Students can use a factor tree to find prime factors"",""focus"":""representation_translation""}"
25,tfmp1lss-spcn1oje-lscuarrok-q27-mcq,Q27,mcq,Decide which claim about factor trees and the number 42 is true.,Maths,4,"Factors, Multiples & Primes",Prime & Composite Numbers,Students can use a factor tree to find prime factors,Analyzing,medium,3,"MCQ for Grade 4 Factors, Multiples & Primes: Prime & Composite Numbers, aligned to Students can use a factor tree to find prime factors.","[{""text"":""A tree that starts with 6 × 7 can still be correct if 6 is split again into 2 × 3."",""correct"":true},{""text"":""A factor tree for 42 must start with 1 × 42."",""correct"":false},{""text"":""42 is prime because 2, 3, and 7 are prime."",""correct"":false},{""text"":""A finished factor tree for 42 can end with 21 and 2."",""correct"":false}]","Yes! 42 can start as 6 × 7, but then 6 must be split into 2 × 3. A finished tree must end with only prime numbers.","{""questionNumber"":""Q27"",""questionType"":""mcq"",""subject"":""Maths"",""grade"":4,""topic"":""Factors, Multiples & Primes"",""subtopic"":""Prime & Composite Numbers"",""learning_objective"":""Students can use a factor tree to find prime factors"",""focus"":""which_statement""}"
26,tfmp1lss-spcn1oje-lscuarrok-q28-mcq,Q28,mcq,A playground game uses 54 star tokens. The tokens are shown in a factor tree that starts with 54 = 6 × 9. Choose the finished prime factorization.,Maths,4,"Factors, Multiples & Primes",Prime & Composite Numbers,Students can use a factor tree to find prime factors,Applying,medium,3,"MCQ for Grade 4 Factors, Multiples & Primes: Prime & Composite Numbers, aligned to Students can use a factor tree to find prime factors.","[{""text"":""2 × 3 × 3 × 3"",""correct"":true},{""text"":""6 × 9"",""correct"":false},{""text"":""2 × 27"",""correct"":false},{""text"":""3 × 18"",""correct"":false}]","Awesome work! From 54 = 6 × 9, split 6 into 2 × 3 and 9 into 3 × 3. That gives 2 × 3 × 3 × 3, all prime numbers.","{""questionNumber"":""Q28"",""questionType"":""mcq"",""subject"":""Maths"",""grade"":4,""topic"":""Factors, Multiples & Primes"",""subtopic"":""Prime & Composite Numbers"",""learning_objective"":""Students can use a factor tree to find prime factors"",""focus"":""multi_step_application""}"
27,tfmp1lss-spcn1oje-lscuarrok-q30-mcq,Q30,mcq,Choose the method that correctly checks a bag of 42 marbles using prime factors. The goal is to show the prime factorisation of 42.,Maths,4,"Factors, Multiples & Primes",Prime & Composite Numbers,Students can use a factor tree to find prime factors,Analyzing,hard,4,"MCQ for Grade 4 Factors, Multiples & Primes: Prime & Composite Numbers, aligned to Students can use a factor tree to find prime factors.","[{""text"":""42 = 6 × 7, then 6 = 2 × 3, so 42 = 2 × 3 × 7."",""correct"":true},{""text"":""42 = 21 × 2, then stop because 21 is odd, so 42 = 21 × 2."",""correct"":false},{""text"":""42 = 14 × 3, then 14 = 7 × 2, so 42 = 14 × 3 × 7 × 2."",""correct"":false},{""text"":""42 = 4 × 10 + 2, so the prime factors are 4, 10, and 2."",""correct"":false}]","Great job checking the steps! The correct method keeps splitting until only primes are left: 42 = 2 × 3 × 7. Odd numbers are not always prime, and factor trees use multiplication factors only.","{""questionNumber"":""Q30"",""questionType"":""mcq"",""subject"":""Maths"",""grade"":4,""topic"":""Factors, Multiples & Primes"",""subtopic"":""Prime & Composite Numbers"",""learning_objective"":""Students can use a factor tree to find prime factors"",""focus"":""find_the_error""}"
28,tfmp1lss-spcn1oje-lscuarrok-q32-mcq,Q32,mcq,Select the true statement about the number 72 and its factor tree.,Maths,4,"Factors, Multiples & Primes",Prime & Composite Numbers,Students can use a factor tree to find prime factors,Evaluating,hard,4,"MCQ for Grade 4 Factors, Multiples & Primes: Prime & Composite Numbers, aligned to Students can use a factor tree to find prime factors.","[{""text"":""72 has prime factors 8 × 9 because 8 and 9 multiply to 72."",""correct"":false},{""text"":""72 can have different-looking factor trees, but they must end with the same prime factors 2 × 2 × 2 × 3 × 3."",""correct"":true},{""text"":""72 is prime because it can be split into 8 and 9 only one way."",""correct"":false},{""text"":""72 has only four prime factors because 72 = 6 × 12."",""correct"":false}]","Well done! Different factor trees can begin differently, but the prime factors at the end stay the same. For 72 they are 2 × 2 × 2 × 3 × 3.","{""questionNumber"":""Q32"",""questionType"":""mcq"",""subject"":""Maths"",""grade"":4,""topic"":""Factors, Multiples & Primes"",""subtopic"":""Prime & Composite Numbers"",""learning_objective"":""Students can use a factor tree to find prime factors"",""focus"":""evaluate_a_claim""}"
29,tfmp1lss-spcn1oje-lscuarrok-q17-mcq-fresh1,Q17,mcq,"Choose the sentence that is correct about a factor tree for 24 toy dinosaurs. One branch splits 24 into 6 and 4, and the tree must end with prime numbers only.",Maths,4,"Factors, Multiples & Primes",Prime & Composite Numbers,Students can use a factor tree to find prime factors,Understanding,medium,3,"MCQ for Grade 4 Factors, Multiples & Primes: Prime & Composite Numbers, aligned to Students can use a factor tree to find prime factors.","[{""text"":""The finished tree can end with 2, 3, and 4 because 2 × 3 × 4 = 24."",""correct"":false},{""text"":""The finished tree must end with 2, 2, 2, and 3 because 6 and 4 need to be split again into primes."",""correct"":true},{""text"":""The finished tree ends with 6 and 4 because they are factors of 24."",""correct"":false},{""text"":""The finished tree must end with 1, 2, 3, and 4 because 1 can be used in any factor tree."",""correct"":false}]","Nice thinking! The correct answer is 2, 2, 2, and 3. Split 6 into 2 and 3, and split 4 into 2 and 2. A finished factor tree ends with prime numbers only, so 4 and 6 cannot stay at the end, and 1 is not a prime factor.","{""questionNumber"":""Q17"",""questionType"":""mcq"",""subject"":""Maths"",""grade"":4,""topic"":""Factors, Multiples & Primes"",""subtopic"":""Prime & Composite Numbers"",""learning_objective"":""Students can use a factor tree to find prime factors"",""focus"":""error_correction""}"
30,tfmp1lss-spcn1oje-lscuarrok-q26-mcq-fresh2,Q26,mcq,"A snack box has a number of crackers with prime factors 2, 2, 3, and 5 at the ends of its factor tree. Choose the number of crackers in the box.",Maths,4,"Factors, Multiples & Primes",Prime & Composite Numbers,Students can use a factor tree to find prime factors,Applying,medium,3,"MCQ for Grade 4 Factors, Multiples & Primes: Prime & Composite Numbers, aligned to Students can use a factor tree to find prime factors.","[{""text"":""12"",""correct"":false},{""text"":""30"",""correct"":false},{""text"":""60"",""correct"":true},{""text"":""90"",""correct"":false}]",Great job! Multiply the prime factors: 2 × 2 × 3 × 5 = 60. The other numbers miss one of the factors or use a different total.,"{""questionNumber"":""Q26"",""questionType"":""mcq"",""subject"":""Maths"",""grade"":4,""topic"":""Factors, Multiples & Primes"",""subtopic"":""Prime & Composite Numbers"",""learning_objective"":""Students can use a factor tree to find prime factors"",""focus"":""multi_step_application""}"
31,tfmp1lss-spcn1oje-lscuarrok-q1-mcq,Q1,mcq,Choose the correct result for the prime factor tree of 12 toy cars.,Maths,4,"Factors, Multiples & Primes",Prime & Composite Numbers,Students can use a factor tree to find prime factors,Applying,easy,1,"MCQ for Grade 4 Factors, Multiples & Primes: Prime & Composite Numbers, aligned to Students can use a factor tree to find prime factors.","[{""text"":""2 × 2 × 3"",""correct"":true},{""text"":""4 × 3"",""correct"":false},{""text"":""6 × 2"",""correct"":false},{""text"":""1 × 12"",""correct"":false}]","Great job! 12 breaks into prime numbers 2, 2, and 3. The other choices still include numbers that are not all prime, or they do not show the finished prime factor tree.","{""questionNumber"":""Q1"",""questionType"":""mcq"",""subject"":""Maths"",""grade"":4,""topic"":""Factors, Multiples & Primes"",""subtopic"":""Prime & Composite Numbers"",""learning_objective"":""Students can use a factor tree to find prime factors"",""focus"":""prime factorisation of 12""}"
32,tfmp1lss-spcn1oje-lscuarrok-q2-mcq,Q2,mcq,Select the true statement about the number 11 in a factor tree with candy stars.,Maths,4,"Factors, Multiples & Primes",Prime & Composite Numbers,Students can use a factor tree to find prime factors,Understanding,easy,1,"MCQ for Grade 4 Factors, Multiples & Primes: Prime & Composite Numbers, aligned to Students can use a factor tree to find prime factors.","[{""text"":""11 splits into 2 and 9 in a factor tree."",""correct"":false},{""text"":""11 is prime, so it stays as 11 at the end of the tree."",""correct"":true},{""text"":""11 has prime factors 1 and 11."",""correct"":false},{""text"":""11 is composite because it is bigger than 10."",""correct"":false}]","Nice thinking! 11 is a prime number, so it cannot be split into smaller factors except 1 and 11. In a factor tree, it stays as 11 at the end.","{""questionNumber"":""Q2"",""questionType"":""mcq"",""subject"":""Maths"",""grade"":4,""topic"":""Factors, Multiples & Primes"",""subtopic"":""Prime & Composite Numbers"",""learning_objective"":""Students can use a factor tree to find prime factors"",""focus"":""recognising a prime number""}"
33,tfmp1lss-spcn1oje-lscuarrok-q3-mcq,Q3,mcq,A factor tree starts with 18 = 2 × 9. Then 9 is split into 3 × 3. Which prime factor appears twice at the end of the tree?,Maths,4,"Factors, Multiples & Primes",Prime & Composite Numbers,Students can use a factor tree to find prime factors,Applying,easy,1,"MCQ for Grade 4 Factors, Multiples & Primes: Prime & Composite Numbers, aligned to Students can use a factor tree to find prime factors.","[{""text"":""2"",""correct"":false},{""text"":""3"",""correct"":true},{""text"":""6"",""correct"":false},{""text"":""9"",""correct"":false}]","The factor tree is 18 = 2 × 9 and 9 = 3 × 3, so the prime factors at the ends are 2, 3, and 3. The prime factor that appears twice is 3. The number 2 appears only once, 6 is not a prime factor at the end of the tree, and 9 is composite.","{""questionNumber"":""Q3"",""questionType"":""mcq"",""subject"":""Maths"",""grade"":4,""topic"":""Factors, Multiples & Primes"",""subtopic"":""Prime & Composite Numbers"",""learning_objective"":""Students can use a factor tree to find prime factors"",""focus"":""continuing a simple factor tree""}"
34,tfmp1lss-spcn1oje-lscuarrok-q4-mcq,Q4,mcq,"Look at the two results below for 15 stickers. Decide which finished result shows only prime factors.
Result A: 3 × 5
Result B: 15 × 1",Maths,4,"Factors, Multiples & Primes",Prime & Composite Numbers,Students can use a factor tree to find prime factors,Analyzing,easy,1,"MCQ for Grade 4 Factors, Multiples & Primes: Prime & Composite Numbers, aligned to Students can use a factor tree to find prime factors.","[{""text"":""Result A only"",""correct"":true},{""text"":""Result B only"",""correct"":false},{""text"":""Both results"",""correct"":false},{""text"":""Neither result"",""correct"":false}]","Excellent! Result A is correct because 3 and 5 are both prime numbers. Result B is not a finished prime factor result because 15 is not prime, and 1 is not a prime number.","{""questionNumber"":""Q4"",""questionType"":""mcq"",""subject"":""Maths"",""grade"":4,""topic"":""Factors, Multiples & Primes"",""subtopic"":""Prime & Composite Numbers"",""learning_objective"":""Students can use a factor tree to find prime factors"",""focus"":""identifying a finished prime factorisation""}"
35,tfmp1lss-spcn1oje-lscuarrok-q5-mcq,Q5,mcq,Choose the equation that matches the finished prime factor tree for 20 cookies.,Maths,4,"Factors, Multiples & Primes",Prime & Composite Numbers,Students can use a factor tree to find prime factors,Applying,easy,1,"MCQ for Grade 4 Factors, Multiples & Primes: Prime & Composite Numbers, aligned to Students can use a factor tree to find prime factors.","[{""text"":""20 = 2 × 2 × 5"",""correct"":true},{""text"":""20 = 4 × 5"",""correct"":false},{""text"":""20 = 10 × 2"",""correct"":false},{""text"":""20 = 1 × 20"",""correct"":false}]","You’ve got it! The finished prime factor tree for 20 ends with 2, 2, and 5. The other answers do not show only prime factors at the end.","{""questionNumber"":""Q5"",""questionType"":""mcq"",""subject"":""Maths"",""grade"":4,""topic"":""Factors, Multiples & Primes"",""subtopic"":""Prime & Composite Numbers"",""learning_objective"":""Students can use a factor tree to find prime factors"",""focus"":""prime factorisation of 20""}"