id,grade,topic,subtopic,learning_objective
27,KG,2D Shapes,Drawing & Comparing Shapes,Students can draw basic 2D shapes
28,KG,2D Shapes,Drawing & Comparing Shapes,Students can compare shapes and describe similarities and differences
24,KG,2D Shapes,Identifying 2D Shapes,"Students can name and identify circles, squares, rectangles, and triangles"
25,KG,2D Shapes,Identifying 2D Shapes,Students can describe basic properties of 2D shapes such as number of sides and corners
26,KG,2D Shapes,Identifying 2D Shapes,Students can sort shapes by type
29,KG,3D Shapes,Identifying 3D Shapes,"Students can name and identify spheres, cubes, cuboids, and cylinders"
30,KG,3D Shapes,Identifying 3D Shapes,Students can match 3D shapes to real-world objects such as a ball or box
31,KG,3D Shapes,Identifying 3D Shapes,"Students can describe 3D shapes using words like flat, curved, and solid"
32,KG,3D Shapes,Sorting 3D Shapes,Students can sort 3D shapes by a given attribute such as ability to roll or stack
19,KG,Comparing Numbers,"Greater Than, Less Than, Equal To",Students can compare two groups of objects and identify which has more or fewer
20,KG,Comparing Numbers,"Greater Than, Less Than, Equal To",Students can use the symbols > < and = to compare numbers up to 10
21,KG,Comparing Numbers,"Greater Than, Less Than, Equal To",Students can order three numbers from smallest to largest
22,KG,Comparing Numbers,"One More, One Less",Students can identify the number that is one more than a given number within 10
23,KG,Comparing Numbers,"One More, One Less",Students can identify the number that is one less than a given number within 10
37,KG,Composing Numbers to 10,Making Numbers,Students can show different ways to make a number up to 10 using two groups
38,KG,Composing Numbers to 10,Making Numbers,Students can use objects or drawings to represent all pairs that make a given number
39,KG,Composing Numbers to 10,Number Bonds,Students can identify and recall number bonds for numbers up to 10
40,KG,Composing Numbers to 10,Number Bonds,Students can complete number bond diagrams with a missing part
58,KG,Composing Numbers to 20,Addition & Subtraction to 20,Students can add two numbers with a total up to 20
59,KG,Composing Numbers to 20,Addition & Subtraction to 20,Students can subtract from numbers up to 20 and find the difference
56,KG,Composing Numbers to 20,Making Teen Numbers,Students can build teen numbers using ten frames and counters
57,KG,Composing Numbers to 20,Making Teen Numbers,Students can break apart numbers 11 to 20 into ten and ones
83,KG,Early Mathematical Concepts,Patterns,"Students can identify and describe repeating patterns using shapes, colours, or objects"
84,KG,Early Mathematical Concepts,Patterns,Students can copy and extend a simple repeating pattern
85,KG,Early Mathematical Concepts,Patterns,Students can create their own repeating pattern
86,KG,Early Mathematical Concepts,Same & Different,Students can identify two objects that are the same and explain why
87,KG,Early Mathematical Concepts,Same & Different,Students can describe one way two objects are different
44,KG,Introduction to Addition,Adding Within 10,Students can find the sum of two numbers with a total up to 10
45,KG,Introduction to Addition,Adding Within 10,Students can solve simple word problems involving addition within 10
41,KG,Introduction to Addition,Understanding Addition,Students can describe addition as combining two groups
42,KG,Introduction to Addition,Understanding Addition,"Students can use objects, pictures, or fingers to add numbers within 10"
43,KG,Introduction to Addition,Understanding Addition,Students can write addition sentences using the + and = signs
60,KG,Introduction to Measurement,Comparing Length & Size,"Students can compare two objects directly and say which is longer, shorter, taller, or heavier"
61,KG,Introduction to Measurement,Comparing Length & Size,Students can order three objects by length or height
62,KG,Introduction to Measurement,Comparing Length & Size,Students can use non-standard units to measure length
63,KG,Introduction to Measurement,Describing Weight & Capacity,"Students can use the words heavy, light, full, and empty to describe objects"
64,KG,Introduction to Measurement,Describing Weight & Capacity,Students can compare two containers and identify which holds more
80,KG,Introduction to Money,Recognising Coins & Notes,Students can identify common coins and notes by name
81,KG,Introduction to Money,Recognising Coins & Notes,Students can sort coins and notes by type
82,KG,Introduction to Money,Recognising Coins & Notes,Students can understand that money is used to buy things
49,KG,Introduction to Subtraction,Subtracting Within 10,Students can find the difference between two numbers within 10
50,KG,Introduction to Subtraction,Subtracting Within 10,Students can solve simple word problems involving subtraction within 10
46,KG,Introduction to Subtraction,Understanding Subtraction,Students can describe subtraction as taking away from a group
47,KG,Introduction to Subtraction,Understanding Subtraction,Students can use objects or pictures to subtract within 10
48,KG,Introduction to Subtraction,Understanding Subtraction,Students can write subtraction sentences using the − and = signs
77,KG,Introduction to Time,Days & Months,Students can name the days of the week in order
78,KG,Introduction to Time,Days & Months,Students can name the months of the year
79,KG,Introduction to Time,Days & Months,"Students can identify today, yesterday, and tomorrow on a calendar"
75,KG,Introduction to Time,Sequencing Events,Students can order daily events from first to last
76,KG,Introduction to Time,Sequencing Events,"Students can use words like before, after, morning, afternoon, and evening"
7,KG,Numbers 0–5,Counting to 5,Students can count objects up to 5 using one-to-one correspondence
8,KG,Numbers 0–5,Counting to 5,Students can recognise and write numerals 0 to 5
9,KG,Numbers 0–5,Counting to 5,Students can count forward and backward from any number within 5
10,KG,Numbers 0–5,Ordering & Comparing within 5,Students can arrange numbers 0 to 5 in order from least to greatest
11,KG,Numbers 0–5,Ordering & Comparing within 5,Students can identify which number is greater or less when comparing two numbers within 5
12,KG,Numbers 0–5,Ordering & Comparing within 5,"Students can use the terms 'more', 'fewer', and 'equal' to describe sets of objects"
54,KG,Numbers 11–20,Ordering to 20,Students can arrange numbers 11 to 20 in order
55,KG,Numbers 11–20,Ordering to 20,Students can compare any two numbers within 20 using greater than or less than
51,KG,Numbers 11–20,Teen Numbers,"Students can count, read, and write numbers from 11 to 20"
52,KG,Numbers 11–20,Teen Numbers,Students can represent teen numbers as ten and some more
53,KG,Numbers 11–20,Teen Numbers,Students can place numbers 11 to 20 on a number line
16,KG,Numbers 6–10,Comparing Numbers to 10,Students can compare two numbers within 10 and state which is greater
17,KG,Numbers 6–10,Comparing Numbers to 10,Students can place numbers 6 to 10 correctly on a number line
18,KG,Numbers 6–10,Comparing Numbers to 10,Students can match a numeral to a set of objects up to 10
13,KG,Numbers 6–10,Counting to 10,Students can count objects from 6 to 10 accurately
14,KG,Numbers 6–10,Counting to 10,Students can recognise and write numerals 6 to 10
15,KG,Numbers 6–10,Counting to 10,"Students can represent numbers 6 to 10 using fingers, objects, or drawings"
70,KG,Numbers to 100,Counting to 100,Students can count forward and backward to 100
71,KG,Numbers to 100,Counting to 100,"Students can count by twos, fives, and tens to 100"
72,KG,Numbers to 100,Counting to 100,Students can identify a number on a hundred chart
73,KG,Numbers to 100,Skip Counting & Patterns,Students can recognise and extend skip counting patterns
74,KG,Numbers to 100,Skip Counting & Patterns,Students can identify missing numbers in a skip counting sequence
65,KG,Numbers to 50,Counting to 50,Students can count objects and numbers up to 50
66,KG,Numbers to 50,Counting to 50,Students can count by tens up to 50
67,KG,Numbers to 50,Counting to 50,Students can identify missing numbers in a sequence up to 50
68,KG,Numbers to 50,Place Value to 50,Students can group objects into tens and ones for numbers up to 50
69,KG,Numbers to 50,Place Value to 50,Students can write numbers up to 50 in expanded form
88,KG,Patterns & Sorting,Repeating Patterns,Students can identify the unit of a repeating pattern
89,KG,Patterns & Sorting,Repeating Patterns,Students can continue a repeating pattern with at least two attributes
90,KG,Patterns & Sorting,Repeating Patterns,Students can create an original repeating pattern
91,KG,Patterns & Sorting,Sorting & Classifying,Students can sort a collection of objects by more than one attribute
92,KG,Patterns & Sorting,Sorting & Classifying,Students can describe the sorting rule applied to a given set
35,KG,Position & Direction,Describing Location,Students can describe the position of an object relative to another object
36,KG,Position & Direction,Describing Location,Students can identify left and right in simple contexts
33,KG,Position & Direction,Positional Language,"Students can use and understand positional words: above, below, beside, inside, outside"
34,KG,Position & Direction,Positional Language,Students can follow simple directional instructions such as 'put the ball inside the box'
4,KG,Sorting & Classification,Matching & Grouping,Students can match objects that are the same or similar
5,KG,Sorting & Classification,Matching & Grouping,Students can group objects that belong together and explain why
6,KG,Sorting & Classification,Matching & Grouping,Students can identify the odd one out from a set of objects
1,KG,Sorting & Classification,Sorting by Attributes,"Students can sort objects by one attribute such as colour, shape, or size"
2,KG,Sorting & Classification,Sorting by Attributes,Students can explain the rule used to sort a group of objects
3,KG,Sorting & Classification,Sorting by Attributes,Students can sort the same set of objects in more than one way
98,G1,Addition & Subtraction,Adding 2-Digit Numbers,Students can add two 2-digit numbers with and without regrouping
99,G1,Addition & Subtraction,Adding 2-Digit Numbers,Students can use number lines and place value strategies to add
100,G1,Addition & Subtraction,Adding 2-Digit Numbers,Students can solve word problems involving addition of 2-digit numbers
104,G1,Addition & Subtraction,Fact Families,Students can identify related addition and subtraction facts
105,G1,Addition & Subtraction,Fact Families,Students can write all four equations in a fact family
101,G1,Addition & Subtraction,Subtracting 2-Digit Numbers,Students can subtract a 1- or 2-digit number from a 2-digit number
102,G1,Addition & Subtraction,Subtracting 2-Digit Numbers,Students can use place value understanding to subtract with and without regrouping
103,G1,Addition & Subtraction,Subtracting 2-Digit Numbers,Students can solve word problems involving subtraction of 2-digit numbers
123,G1,Data & Graphs,Collecting & Organising Data,Students can collect data by counting and recording in a tally chart
124,G1,Data & Graphs,Collecting & Organising Data,Students can organise data into categories
125,G1,Data & Graphs,Reading Graphs,Students can read and interpret a simple pictograph or bar graph
126,G1,Data & Graphs,Reading Graphs,Students can answer questions about data shown in a graph
108,G1,Introduction to Multiplication,Equal Groups,Students can arrange objects into equal groups and count the total
109,G1,Introduction to Multiplication,Equal Groups,Students can describe a multiplication situation using the words 'groups of'
106,G1,Introduction to Multiplication,Repeated Addition,Students can represent multiplication as repeated addition using objects or drawings
107,G1,Introduction to Multiplication,Repeated Addition,Students can write repeated addition sentences and connect them to multiplication
119,G1,Length & Measurement,Measuring Length,Students can measure objects using non-standard units and compare lengths
120,G1,Length & Measurement,Measuring Length,Students can order three or more objects by length
121,G1,Length & Measurement,Standard Units,Students can measure length in centimetres using a ruler
122,G1,Length & Measurement,Standard Units,Students can estimate and measure the length of classroom objects
135,G1,Logical Reasoning,Pattern Recognition,Students can identify what comes next in a visual or number sequence
136,G1,Logical Reasoning,Pattern Recognition,Students can explain the rule behind a given pattern
137,G1,Logical Reasoning,Simple Problem Solving,Students can use logical thinking to solve simple puzzles
138,G1,Logical Reasoning,Simple Problem Solving,Students can eliminate incorrect options to find the right answer
129,G1,Money & Currency,Counting Money,Students can count a small collection of coins to find the total
130,G1,Money & Currency,Counting Money,Students can show a given amount using different coin combinations
127,G1,Money & Currency,Identifying Money,Students can identify coins and notes and state their value
128,G1,Money & Currency,Identifying Money,Students can compare two amounts and identify which is more
139,G1,Patterns & Sequences,Growing Patterns,Students can identify and extend a growing pattern
140,G1,Patterns & Sequences,Growing Patterns,Students can describe how a growing pattern changes at each step
141,G1,Patterns & Sequences,Number Sequences,Students can continue a number sequence by identifying the rule
142,G1,Patterns & Sequences,Number Sequences,Students can find missing numbers in a simple sequence
96,G1,Place Value to 99,Comparing & Ordering to 99,Students can compare two 2-digit numbers using > < =
97,G1,Place Value to 99,Comparing & Ordering to 99,Students can order a set of 2-digit numbers from least to greatest
93,G1,Place Value to 99,Tens and Ones,Students can group objects into tens and ones
94,G1,Place Value to 99,Tens and Ones,Students can write 2-digit numbers in expanded form
95,G1,Place Value to 99,Tens and Ones,Students can identify the value of each digit in a 2-digit number
115,G1,Shapes & Repeating Patterns,2D & 3D Shapes,Students can name and describe 2D and 3D shapes and their properties
116,G1,Shapes & Repeating Patterns,2D & 3D Shapes,Students can identify shapes in the environment
117,G1,Shapes & Repeating Patterns,Patterns with Shapes,Students can create and extend patterns using shapes and colours
118,G1,Shapes & Repeating Patterns,Patterns with Shapes,Students can identify the repeating unit in a shape pattern
110,G1,Telling Time,Reading a Clock,Students can tell time to the hour and half hour on an analogue clock
111,G1,Telling Time,Reading a Clock,Students can match analogue and digital clock times
112,G1,Telling Time,Reading a Clock,Students can draw hands on a clock to show a given time
113,G1,Telling Time,Time in Daily Life,Students can sequence daily events and relate them to times of day
114,G1,Telling Time,Time in Daily Life,"Students can use vocabulary: o'clock, half past, morning, afternoon, night"
131,G1,Vedic Mathematics,Mental Addition Tricks,Students can use the Vedic addition technique to add numbers quickly mentally
132,G1,Vedic Mathematics,Mental Addition Tricks,Students can explain and apply a Vedic shortcut to check sums
133,G1,Vedic Mathematics,Number Patterns & Shortcuts,Students can identify number patterns used in Vedic methods
134,G1,Vedic Mathematics,Number Patterns & Shortcuts,Students can apply a Vedic shortcut to multiply single-digit numbers
178,G2,2D & 3D Geometry,3D Shapes,"Students can describe faces, edges, and vertices of common 3D shapes"
179,G2,2D & 3D Geometry,3D Shapes,Students can connect 2D shapes to the faces of 3D objects
176,G2,2D & 3D Geometry,Properties of Shapes,"Students can identify and describe properties of 2D shapes including sides, angles, and symmetry"
177,G2,2D & 3D Geometry,Properties of Shapes,Students can classify shapes as regular or irregular
160,G2,Addition & Subtraction to 1000,Adding to 1000,Students can add 3-digit numbers with and without regrouping
161,G2,Addition & Subtraction to 1000,Adding to 1000,Students can use place value strategies and number lines to add
162,G2,Addition & Subtraction to 1000,Adding to 1000,Students can solve multi-step addition word problems
163,G2,Addition & Subtraction to 1000,Subtracting from 1000,Students can subtract 3-digit numbers with and without regrouping
164,G2,Addition & Subtraction to 1000,Subtracting from 1000,Students can check subtraction by using the inverse operation
165,G2,Addition & Subtraction to 1000,Subtracting from 1000,Students can solve subtraction word problems in context
147,G2,Comparing & Ordering Numbers,Ordering Numbers,Students can arrange a set of numbers in ascending and descending order
148,G2,Comparing & Ordering Numbers,Ordering Numbers,Students can identify the largest and smallest in a set of numbers
149,G2,Comparing & Ordering Numbers,Using Symbols,Students can use > < and = to compare pairs of numbers
150,G2,Comparing & Ordering Numbers,Using Symbols,Students can explain their comparisons using place value reasoning
195,G2,Logical Reasoning,Sequences & Series,Students can identify the rule in a number or shape sequence and find the next term
196,G2,Logical Reasoning,Sequences & Series,Students can find missing elements in a sequence
197,G2,Logical Reasoning,Visual Reasoning,Students can identify matching shapes and patterns in a visual puzzle
198,G2,Logical Reasoning,Visual Reasoning,Students can spot the odd one out in a visual set
180,G2,Measurement Operations,Length & Height,Students can measure length and height using cm and m
181,G2,Measurement Operations,Length & Height,Students can estimate and verify measurements of everyday objects
182,G2,Measurement Operations,Weight & Capacity,Students can measure and compare weights using kg and g
183,G2,Measurement Operations,Weight & Capacity,Students can measure and compare capacity using litres and millilitres
188,G2,Money Operations,Counting & Comparing Money,Students can count a collection of coins and notes to find the total
189,G2,Money Operations,Counting & Comparing Money,Students can compare two amounts and find the difference
190,G2,Money Operations,Simple Transactions,Students can calculate change from a simple purchase
191,G2,Money Operations,Simple Transactions,Students can determine if an amount is enough to buy an item
169,G2,Multiplication & Division,Division Concepts,Students can describe division as sharing equally or grouping
170,G2,Multiplication & Division,Division Concepts,Students can write and solve simple division sentences
171,G2,Multiplication & Division,Division Concepts,Students can relate multiplication and division as inverse operations
166,G2,Multiplication & Division,Multiplication Concepts,Students can describe multiplication as equal groups or repeated addition
167,G2,Multiplication & Division,Multiplication Concepts,Students can write and solve multiplication sentences
168,G2,Multiplication & Division,Multiplication Concepts,"Students can build and recall multiplication facts for 2, 5, and 10"
158,G2,Number Sense to 1000,Odd & Even,Students can identify odd and even numbers
159,G2,Number Sense to 1000,Odd & Even,Students can explain why a number is odd or even using grouping
156,G2,Number Sense to 1000,Skip Counting,"Students can skip count by 2s, 5s, 10s, and 100s within 1000"
157,G2,Number Sense to 1000,Skip Counting,Students can identify patterns in skip counting sequences
201,G2,Patterns & Equations,Introduction to Equations,Students can find a missing number in a simple equation such as 3 + __ = 7
202,G2,Patterns & Equations,Introduction to Equations,Students can use objects or drawings to solve for an unknown
199,G2,Patterns & Equations,Patterns in Operations,Students can identify arithmetic patterns in addition and multiplication tables
200,G2,Patterns & Equations,Patterns in Operations,Students can use patterns to predict the next value in a sequence
186,G2,Pictographs & Data,Bar Graphs,Students can read and interpret a bar graph
187,G2,Pictographs & Data,Bar Graphs,Students can draw a simple bar graph from a data set
184,G2,Pictographs & Data,Reading Pictographs,Students can read and interpret pictographs where each symbol represents more than one
185,G2,Pictographs & Data,Reading Pictographs,Students can answer questions about data in a pictograph
151,G2,Place Value to 1000,"Hundreds, Tens & Ones",Students can represent numbers up to 1000 using place value blocks
152,G2,Place Value to 1000,"Hundreds, Tens & Ones",Students can write numbers in expanded form up to 1000
153,G2,Place Value to 1000,"Hundreds, Tens & Ones",Students can identify the value of any digit in a 3-digit number
154,G2,Place Value to 1000,Rounding to Nearest 10 & 100,Students can round 2- and 3-digit numbers to the nearest ten
155,G2,Place Value to 1000,Rounding to Nearest 10 & 100,Students can round 3-digit numbers to the nearest hundred
143,G2,Place Value to 200,3-Digit Numbers,"Students can identify hundreds, tens, and ones in 3-digit numbers up to 200"
144,G2,Place Value to 200,3-Digit Numbers,Students can write 3-digit numbers in standard and expanded form
145,G2,Place Value to 200,Comparing to 200,Students can compare and order 3-digit numbers up to 200
146,G2,Place Value to 200,Comparing to 200,Students can use a number line to position numbers up to 200
174,G2,Time & Clocks,Elapsed Time,Students can calculate how much time has passed between two events
175,G2,Time & Clocks,Elapsed Time,Students can add or subtract time in simple real-life scenarios
172,G2,Time & Clocks,Reading Time,Students can tell time to the nearest 5 minutes on an analogue clock
173,G2,Time & Clocks,Reading Time,Students can convert between analogue and digital time
192,G2,Vedic Mathematics,Multiplication Shortcuts,Students can apply a Vedic shortcut to multiply numbers near 10
193,G2,Vedic Mathematics,Multiplication Shortcuts,Students can use the vertically and crosswise method for 2-digit multiplication
194,G2,Vedic Mathematics,Quick Calculation Tricks,Students can verify answers using a Vedic digit-sum check method
208,G3,Addition & Subtraction,Adding 4-Digit Numbers,Students can add 4-digit numbers with regrouping
209,G3,Addition & Subtraction,Adding 4-Digit Numbers,Students can estimate sums and check reasonableness
210,G3,Addition & Subtraction,Adding 4-Digit Numbers,Students can solve multi-step word problems using addition
211,G3,Addition & Subtraction,Subtracting 4-Digit Numbers,Students can subtract 4-digit numbers with regrouping
212,G3,Addition & Subtraction,Subtracting 4-Digit Numbers,Students can use inverse operations to check subtraction answers
213,G3,Addition & Subtraction,Subtracting 4-Digit Numbers,Students can solve contextual subtraction problems
245,G3,Data & Scaled Graphs,Scaled Bar Graphs,Students can read and interpret a scaled bar graph
246,G3,Data & Scaled Graphs,Scaled Bar Graphs,Students can answer questions and draw conclusions from a bar graph
243,G3,Data & Scaled Graphs,Scaled Pictographs,Students can read and interpret a scaled pictograph where each symbol represents more than one
244,G3,Data & Scaled Graphs,Scaled Pictographs,Students can draw a scaled pictograph from a data table
225,G3,Introduction to Fractions,Comparing Fractions,Students can compare two fractions with the same denominator
226,G3,Introduction to Fractions,Comparing Fractions,Students can compare fractions with the same numerator
227,G3,Introduction to Fractions,Comparing Fractions,Students can order simple fractions from least to greatest
228,G3,Introduction to Fractions,Equivalent Fractions,Students can identify equivalent fractions using visual models
229,G3,Introduction to Fractions,Equivalent Fractions,Students can explain why two fractions are equivalent
222,G3,Introduction to Fractions,Understanding Fractions,Students can identify fractions as equal parts of a whole
223,G3,Introduction to Fractions,Understanding Fractions,Students can name fractions using numerator and denominator
224,G3,Introduction to Fractions,Understanding Fractions,Students can represent fractions using diagrams and on a number line
261,G3,Introduction to Probability,Likelihood & Chance,"Students can describe events as certain, likely, unlikely, or impossible"
262,G3,Introduction to Probability,Likelihood & Chance,Students can compare the likelihood of two events occurring
263,G3,Introduction to Probability,Simple Experiments,Students can conduct a simple probability experiment and record outcomes
264,G3,Introduction to Probability,Simple Experiments,Students can predict outcomes before an experiment and compare with results
234,G3,"Lines, Angles & Polygons",Lines & Angles,"Students can identify and describe points, lines, line segments, and rays"
235,G3,"Lines, Angles & Polygons",Lines & Angles,"Students can identify right, acute, and obtuse angles"
236,G3,"Lines, Angles & Polygons",Polygons,Students can classify polygons by number of sides and angles
237,G3,"Lines, Angles & Polygons",Polygons,"Students can identify and describe triangles, quadrilaterals, pentagons, and hexagons"
253,G3,Logical Reasoning,Number Patterns,Students can identify arithmetic and geometric patterns in number sequences
254,G3,Logical Reasoning,Number Patterns,Students can predict and justify the next term in a sequence
255,G3,Logical Reasoning,Puzzles & Deduction,Students can use clues to solve simple logic puzzles
256,G3,Logical Reasoning,Puzzles & Deduction,Students can eliminate options systematically to reach a conclusion
238,G3,Measurement & Conversion,Length,"Students can measure length in millimetres, centimetres, and metres"
239,G3,Measurement & Conversion,Length,Students can convert between units of length within the same system
240,G3,Measurement & Conversion,Mass & Capacity,Students can measure mass in grams and kilograms
241,G3,Measurement & Conversion,Mass & Capacity,Students can measure capacity in millilitres and litres
242,G3,Measurement & Conversion,Mass & Capacity,Students can solve simple word problems involving measurement
247,G3,Money & Problem Solving,Counting & Converting Money,Students can count mixed coins and notes to find a total
248,G3,Money & Problem Solving,Counting & Converting Money,Students can convert between pence and pounds or cents and dollars
249,G3,Money & Problem Solving,Money Problems,Students can solve one-step and two-step money word problems
250,G3,Money & Problem Solving,Money Problems,Students can calculate change from a given amount
217,G3,Multiplication & Division,Division Facts,Students can relate division to multiplication and use fact families
218,G3,Multiplication & Division,Division Facts,Students can divide with remainders and interpret the remainder in context
219,G3,Multiplication & Division,Division Facts,Students can solve word problems involving division
214,G3,Multiplication & Division,Multiplication Facts,Students can recall multiplication facts up to 10 x 10
215,G3,Multiplication & Division,Multiplication Facts,Students can use strategies such as doubling and skip counting to derive facts
216,G3,Multiplication & Division,Multiplication Facts,Students can apply multiplication to solve equal-groups problems
220,G3,Multiplication & Division,Properties of Multiplication,"Students can apply the commutative, associative, and distributive properties"
221,G3,Multiplication & Division,Properties of Multiplication,Students can use properties to simplify mental calculations
203,G3,"Numbers to 10,000","Place Value to 10,000",Students can identify the value of each digit in a 4-digit number
204,G3,"Numbers to 10,000","Place Value to 10,000","Students can write 4-digit numbers in standard, expanded, and word form"
205,G3,"Numbers to 10,000","Place Value to 10,000",Students can compare and order 4-digit numbers
206,G3,"Numbers to 10,000",Rounding,"Students can round numbers to the nearest 10, 100, and 1000"
207,G3,"Numbers to 10,000",Rounding,Students can use rounding to estimate sums and differences
257,G3,Patterns & Sequences,Arithmetic Sequences,Students can identify and extend arithmetic sequences
258,G3,Patterns & Sequences,Arithmetic Sequences,Students can describe the rule for a sequence using addition or subtraction
259,G3,Patterns & Sequences,Patterns in Multiplication,Students can identify patterns in multiplication tables
260,G3,Patterns & Sequences,Patterns in Multiplication,Students can use patterns to solve multiplication problems efficiently
232,G3,Time & Elapsed Time,Elapsed Time,Students can calculate elapsed time in hours and minutes
233,G3,Time & Elapsed Time,Elapsed Time,"Students can solve word problems involving start time, end time, and duration"
230,G3,Time & Elapsed Time,Reading Time,Students can tell time to the nearest minute on an analogue clock
231,G3,Time & Elapsed Time,Reading Time,Students can convert between hours and minutes
251,G3,Vedic Mathematics,Multiplication Techniques,Students can apply the Vedic vertically and crosswise method to multiply 2-digit numbers
252,G3,Vedic Mathematics,Multiplication Techniques,Students can multiply numbers near 100 using the Vedic base method
275,G4,Arithmetic Operations,Division,Students can divide up to 4-digit numbers by 1-digit divisors
276,G4,Arithmetic Operations,Division,Students can interpret remainders in context
277,G4,Arithmetic Operations,Division,Students can check division using multiplication
270,G4,Arithmetic Operations,Multi-Digit Addition & Subtraction,Students can add and subtract numbers up to 6 digits
271,G4,Arithmetic Operations,Multi-Digit Addition & Subtraction,Students can estimate and verify answers using inverse operations
272,G4,Arithmetic Operations,Multiplication,Students can multiply up to 4-digit numbers by 1-digit and 2-digit numbers
273,G4,Arithmetic Operations,Multiplication,Students can use area models and standard algorithms to multiply
274,G4,Arithmetic Operations,Multiplication,Students can solve multi-step word problems involving multiplication
332,G4,Coordinate Geometry,Patterns on a Grid,Students can describe the location of a point using ordered pairs
333,G4,Coordinate Geometry,Patterns on a Grid,Students can connect plotting points to represent patterns and relationships
330,G4,Coordinate Geometry,The Coordinate Plane,Students can identify and label the x-axis and y-axis
331,G4,Coordinate Geometry,The Coordinate Plane,Students can plot and read points in the first quadrant of a coordinate plane
308,G4,Data Display & Interpretation,Bar Charts & Line Graphs,Students can read and draw bar charts and line graphs
309,G4,Data Display & Interpretation,Bar Charts & Line Graphs,Students can interpret data and identify trends in a line graph
310,G4,Data Display & Interpretation,Frequency Tables,Students can construct and interpret a frequency table
311,G4,Data Display & Interpretation,Frequency Tables,Students can draw conclusions from data in different formats
278,G4,"Factors, Multiples & Primes",Factors & Multiples,Students can find all factor pairs of a number up to 100
279,G4,"Factors, Multiples & Primes",Factors & Multiples,Students can identify multiples of a given number
280,G4,"Factors, Multiples & Primes",Factors & Multiples,Students can determine whether one number is a factor or multiple of another
281,G4,"Factors, Multiples & Primes",Prime & Composite Numbers,Students can identify prime numbers up to 100
282,G4,"Factors, Multiples & Primes",Prime & Composite Numbers,Students can explain why a number is prime or composite
283,G4,"Factors, Multiples & Primes",Prime & Composite Numbers,Students can use a factor tree to find prime factors
314,G4,Financial Problem Solving,Budgeting Basics,Students can understand and apply the concept of a simple budget
315,G4,Financial Problem Solving,Budgeting Basics,Students can decide whether a purchase is affordable within a budget
312,G4,Financial Problem Solving,Multi-Step Money Problems,"Students can solve two-step money problems involving totals, change, and comparison"
313,G4,Financial Problem Solving,Multi-Step Money Problems,Students can express amounts in decimal form and operate on them
288,G4,Fractions,Adding & Subtracting Fractions,Students can add and subtract fractions with the same denominator
289,G4,Fractions,Adding & Subtracting Fractions,Students can solve word problems involving addition and subtraction of fractions
286,G4,Fractions,Comparing & Ordering Fractions,Students can compare fractions with different numerators and denominators
287,G4,Fractions,Comparing & Ordering Fractions,Students can order a set of fractions on a number line
284,G4,Fractions,Equivalent Fractions,Students can generate equivalent fractions using multiplication and division
285,G4,Fractions,Equivalent Fractions,Students can simplify fractions to their lowest terms
293,G4,Introduction to Decimals,Comparing Decimals,Students can compare and order decimals to hundredths
294,G4,Introduction to Decimals,Comparing Decimals,Students can round decimals to the nearest whole number or tenth
290,G4,Introduction to Decimals,Understanding Decimals,Students can read and write decimals to tenths and hundredths
291,G4,Introduction to Decimals,Understanding Decimals,Students can represent decimals on a number line
292,G4,Introduction to Decimals,Understanding Decimals,Students can relate decimals to fractions
265,G4,Large Numbers & Place Value,"Numbers to 1,000,000","Students can read, write, and represent numbers up to 1,000,000"
266,G4,Large Numbers & Place Value,"Numbers to 1,000,000",Students can identify the value of any digit in a 6-digit number
267,G4,Large Numbers & Place Value,"Numbers to 1,000,000",Students can compare and order large numbers
268,G4,Large Numbers & Place Value,Rounding Large Numbers,"Students can round numbers to the nearest 1000, 10,000, and 100,000"
269,G4,Large Numbers & Place Value,Rounding Large Numbers,Students can use rounding to estimate and check answers
301,G4,Lines & Angles,Types of Angles,"Students can classify angles as acute, right, obtuse, straight, and reflex"
302,G4,Lines & Angles,Types of Angles,Students can measure angles using a protractor
303,G4,Lines & Angles,Types of Angles,Students can draw angles of a given size
299,G4,Lines & Angles,Types of Lines,"Students can identify parallel, perpendicular, and intersecting lines"
300,G4,Lines & Angles,Types of Lines,Students can recognise and draw examples of each type of line
318,G4,Logical Reasoning,Analytical Puzzles,"Students can solve logical puzzles involving ordering, grouping, and elimination"
319,G4,Logical Reasoning,Analytical Puzzles,Students can identify relationships and apply deductive reasoning
320,G4,Logical Reasoning,Number Puzzles,Students can solve magic squares and number puzzles using reasoning
321,G4,Logical Reasoning,Number Puzzles,Students can explain the strategy used to solve a number puzzle
306,G4,Measurement & Conversion,Perimeter & Area,Students can find the perimeter of rectilinear shapes
307,G4,Measurement & Conversion,Perimeter & Area,Students can calculate the area of rectangles and composite shapes using counting and formula
304,G4,Measurement & Conversion,Unit Conversions,"Students can convert between units of length, mass, and capacity"
305,G4,Measurement & Conversion,Unit Conversions,Students can solve problems requiring conversion within the same measurement system
326,G4,Probability & Fractions,Probability as Fractions,Students can express the probability of a simple event as a fraction
327,G4,Probability & Fractions,Probability as Fractions,Students can identify all possible outcomes of a simple experiment
328,G4,Probability & Fractions,Theoretical Probability,Students can compare theoretical and experimental probability
329,G4,Probability & Fractions,Theoretical Probability,Students can predict the frequency of outcomes in repeated trials
295,G4,Time Problem Solving,24-Hour Time,Students can read and write time in 24-hour format
296,G4,Time Problem Solving,24-Hour Time,Students can convert between 12-hour and 24-hour time
297,G4,Time Problem Solving,Duration & Schedules,Students can calculate elapsed time across hours and minutes
298,G4,Time Problem Solving,Duration & Schedules,Students can solve real-life problems involving timetables and schedules
324,G4,Variables & Expressions,Evaluating Expressions,Students can substitute a value for a variable and evaluate a simple expression
325,G4,Variables & Expressions,Evaluating Expressions,Students can identify equivalent expressions
322,G4,Variables & Expressions,Introduction to Variables,Students can understand that a variable represents an unknown quantity
323,G4,Variables & Expressions,Introduction to Variables,Students can write simple expressions using a letter for an unknown
316,G4,Vedic Mathematics,Advanced Multiplication,Students can multiply 3-digit numbers using Vedic vertically and crosswise method
317,G4,Vedic Mathematics,Advanced Multiplication,Students can apply the Vedic base method to multiply numbers near 1000
364,G5,2D & 3D Geometry,3D Shapes,Students can identify and describe prisms and pyramids by their properties
365,G5,2D & 3D Geometry,3D Shapes,Students can draw nets of common 3D shapes
362,G5,2D & 3D Geometry,Properties of 2D Shapes,Students can classify triangles and quadrilaterals by properties
363,G5,2D & 3D Geometry,Properties of 2D Shapes,Students can find missing angles in triangles and quadrilaterals
384,G5,Algebraic Expressions,Evaluating Expressions,Students can substitute values into expressions and evaluate them
385,G5,Algebraic Expressions,Evaluating Expressions,Students can compare expressions and determine when they are equal
382,G5,Algebraic Expressions,Writing & Simplifying Expressions,Students can write algebraic expressions from word descriptions
383,G5,Algebraic Expressions,Writing & Simplifying Expressions,Students can simplify expressions by collecting like terms
394,G5,Budgeting & Simple Interest,Budgeting,Students can create and evaluate a simple budget
395,G5,Budgeting & Simple Interest,Budgeting,Students can identify income and expenses and calculate if a budget balances
396,G5,Budgeting & Simple Interest,Simple Interest,Students can calculate simple interest using the formula I = P × R × T
397,G5,Budgeting & Simple Interest,Simple Interest,Students can solve real-life problems involving savings and borrowing
372,G5,Data Analysis,Graphs & Charts,"Students can read and construct line graphs, pie charts, and bar charts"
373,G5,Data Analysis,Graphs & Charts,Students can choose an appropriate graph type for a given data set
374,G5,Data Analysis,"Mean, Median & Mode",Students can calculate the mean of a data set
375,G5,Data Analysis,"Mean, Median & Mode",Students can identify the median and mode of a data set
353,G5,Decimal Arithmetic,Adding & Subtracting Decimals,Students can add and subtract decimals up to three decimal places
354,G5,Decimal Arithmetic,Adding & Subtracting Decimals,Students can align decimal points and apply standard algorithm
355,G5,Decimal Arithmetic,Multiplying & Dividing Decimals,Students can multiply decimals by whole numbers and other decimals
356,G5,Decimal Arithmetic,Multiplying & Dividing Decimals,Students can divide decimals by whole numbers and interpret the result
342,G5,"Factors, Multiples & Primes",HCF & LCM,Students can find the highest common factor of two or more numbers
343,G5,"Factors, Multiples & Primes",HCF & LCM,Students can find the lowest common multiple of two or more numbers
344,G5,"Factors, Multiples & Primes",HCF & LCM,Students can apply HCF and LCM to solve real-world problems
345,G5,"Factors, Multiples & Primes",Prime Factorisation,Students can express a number as a product of its prime factors
346,G5,"Factors, Multiples & Primes",Prime Factorisation,Students can use factor trees and index notation
347,G5,Fraction Arithmetic,Adding & Subtracting Unlike Fractions,Students can find a common denominator to add and subtract fractions
348,G5,Fraction Arithmetic,Adding & Subtracting Unlike Fractions,Students can add and subtract mixed numbers with unlike denominators
351,G5,Fraction Arithmetic,Dividing Fractions,Students can divide a unit fraction by a whole number and a whole number by a unit fraction
352,G5,Fraction Arithmetic,Dividing Fractions,Students can represent and solve fraction division using diagrams
349,G5,Fraction Arithmetic,Multiplying Fractions,Students can multiply a fraction by a whole number and a fraction by a fraction
350,G5,Fraction Arithmetic,Multiplying Fractions,Students can solve word problems involving multiplication of fractions
390,G5,Geometric Transformations,Reflections & Rotations,Students can reflect shapes in a given mirror line
391,G5,Geometric Transformations,Reflections & Rotations,"Students can rotate shapes through 90, 180, and 270 degrees"
392,G5,Geometric Transformations,Translations,Students can translate shapes on a coordinate grid
393,G5,Geometric Transformations,Translations,Students can describe a translation using direction and distance
378,G5,Logical Reasoning,Analogies & Classification,Students can complete analogies involving numbers and shapes
379,G5,Logical Reasoning,Analogies & Classification,Students can classify items into groups using logical criteria
380,G5,Logical Reasoning,Logical Deduction,Students can use given conditions to deduce a correct answer
381,G5,Logical Reasoning,Logical Deduction,Students can work through multi-step reasoning problems
340,G5,Multi-Digit Operations,Long Division,Students can divide up to 4-digit numbers by 2-digit divisors
341,G5,Multi-Digit Operations,Long Division,Students can interpret remainders and express them as fractions or decimals
338,G5,Multi-Digit Operations,Multi-Digit Multiplication,Students can multiply 4-digit numbers by 2-digit numbers using standard algorithm
339,G5,Multi-Digit Operations,Multi-Digit Multiplication,Students can apply multiplication to solve real-world problems
334,G5,Number Sense & Operations,Large Numbers,"Students can read, write, and work with numbers up to 10 million"
335,G5,Number Sense & Operations,Large Numbers,Students can use estimation strategies to check the reasonableness of calculations
336,G5,Number Sense & Operations,Order of Operations,Students can apply the correct order of operations to evaluate expressions
337,G5,Number Sense & Operations,Order of Operations,Students can use brackets to change the order of evaluation
359,G5,Percentages & Ratios,Introduction to Ratio,Students can describe a ratio as a comparison of two quantities
360,G5,Percentages & Ratios,Introduction to Ratio,Students can write and simplify ratios
361,G5,Percentages & Ratios,Introduction to Ratio,Students can solve simple ratio problems
357,G5,Percentages & Ratios,Understanding Percentages,"Students can convert between percentages, fractions, and decimals"
358,G5,Percentages & Ratios,Understanding Percentages,Students can calculate a percentage of a quantity
366,G5,"Perimeter, Area & Measurement",Area of Polygons,"Students can calculate the area of triangles, parallelograms, and composite shapes"
367,G5,"Perimeter, Area & Measurement",Area of Polygons,Students can solve problems involving area in real-world contexts
370,G5,"Perimeter, Area & Measurement",Unit Conversion,"Students can convert between metric and, where applicable, imperial units"
371,G5,"Perimeter, Area & Measurement",Unit Conversion,Students can select appropriate units for a given measurement context
368,G5,"Perimeter, Area & Measurement",Volume,Students can calculate the volume of rectangular prisms using formula
369,G5,"Perimeter, Area & Measurement",Volume,Students can relate volume to capacity
388,G5,Theoretical & Experimental Probability,Experimental Probability,Students can conduct probability experiments and record results in a frequency table
389,G5,Theoretical & Experimental Probability,Experimental Probability,Students can compare experimental results with theoretical predictions
386,G5,Theoretical & Experimental Probability,Theoretical Probability,"Students can calculate the probability of simple events as a fraction, decimal, or percentage"
387,G5,Theoretical & Experimental Probability,Theoretical Probability,Students can list all outcomes using a sample space
376,G5,Vedic Mathematics,Advanced Squaring,Students can find squares of 2-digit numbers using Vedic duplex method
377,G5,Vedic Mathematics,Advanced Squaring,Students can apply the Vedic near-base squaring method
400,G6,Advanced Arithmetic,Estimation & Mental Maths,Students can use rounding and approximation to estimate answers
401,G6,Advanced Arithmetic,Estimation & Mental Maths,Students can apply mental strategies for efficient calculation
398,G6,Advanced Arithmetic,Operations with Large Numbers,Students can perform all four operations with numbers up to and beyond 10 million
399,G6,Advanced Arithmetic,Operations with Large Numbers,Students can apply order of operations including brackets and exponents
419,G6,Algebraic Expressions,Simplifying Expressions,Students can simplify algebraic expressions by collecting like terms
420,G6,Algebraic Expressions,Simplifying Expressions,Students can expand brackets using the distributive property
421,G6,Algebraic Expressions,Substitution,Students can substitute values into expressions to find their numerical value
422,G6,Algebraic Expressions,Substitution,Students can compare two expressions by substituting the same value
427,G6,"Area, Perimeter & Surface Area",Area of Polygons,"Students can calculate the area of triangles, parallelograms, trapezoids, and composite shapes"
428,G6,"Area, Perimeter & Surface Area",Area of Polygons,Students can solve contextual problems involving area
429,G6,"Area, Perimeter & Surface Area",Surface Area,Students can calculate the surface area of rectangular prisms and triangular prisms
430,G6,"Area, Perimeter & Surface Area",Surface Area,Students can identify and sketch the net of a 3D shape
449,G6,Coordinate Transformations,All Four Quadrants,Students can plot and read coordinates in all four quadrants
450,G6,Coordinate Transformations,All Four Quadrants,Students can reflect shapes across the x-axis and y-axis on a coordinate plane
451,G6,Coordinate Transformations,Transformations on a Grid,"Students can perform and describe translations, reflections, and rotations on a coordinate grid"
452,G6,Coordinate Transformations,Transformations on a Grid,Students can identify the type of transformation from before-and-after coordinates
411,G6,"Factors, Multiples & Exponents",Exponents & Powers,Students can write and evaluate expressions with whole number exponents
412,G6,"Factors, Multiples & Exponents",Exponents & Powers,Students can apply exponent rules to simplify expressions
413,G6,"Factors, Multiples & Exponents",Prime Factorisation,Students can express numbers as products of prime factors using index notation
414,G6,"Factors, Multiples & Exponents",Prime Factorisation,Students can use prime factorisation to find HCF and LCM
409,G6,Fractions & Decimals,Converting Between Forms,"Students can convert between fractions, decimals, and percentages"
410,G6,Fractions & Decimals,Converting Between Forms,"Students can order a mixed set of fractions, decimals, and percentages"
407,G6,Fractions & Decimals,Operations with Fractions,"Students can add, subtract, multiply, and divide fractions and mixed numbers"
408,G6,Fractions & Decimals,Operations with Fractions,Students can solve multi-step problems involving fractions
423,G6,Geometry: Shapes & Properties,Angles in Shapes,Students can find missing angles in triangles and quadrilaterals using angle sum properties
424,G6,Geometry: Shapes & Properties,Angles in Shapes,Students can identify and calculate angles on a straight line and around a point
425,G6,Geometry: Shapes & Properties,Circles,"Students can identify and label parts of a circle including radius, diameter, and circumference"
426,G6,Geometry: Shapes & Properties,Circles,Students can use the formula to find the circumference and area of a circle
404,G6,Integers & Operations,Operations with Integers,Students can add and subtract integers using rules and number lines
405,G6,Integers & Operations,Operations with Integers,Students can multiply and divide integers and determine the sign of the result
406,G6,Integers & Operations,Operations with Integers,Students can apply integer operations to real-world contexts such as temperature and debt
402,G6,Integers & Operations,Understanding Integers,Students can define integers and represent them on a number line
403,G6,Integers & Operations,Understanding Integers,Students can compare and order positive and negative integers
415,G6,Introduction to Algebra,Variables & Constants,"Students can identify variables, constants, and coefficients in algebraic expressions"
416,G6,Introduction to Algebra,Variables & Constants,Students can translate word problems into algebraic expressions
417,G6,Introduction to Algebra,Writing Equations,Students can write equations from real-life situations
418,G6,Introduction to Algebra,Writing Equations,Students can identify whether a given value satisfies an equation
443,G6,Logical Reasoning,Mirror & Pattern Puzzles,Students can identify mirror and water images of shapes and figures
444,G6,Logical Reasoning,Mirror & Pattern Puzzles,Students can solve embedded figure and missing character puzzles
441,G6,Logical Reasoning,Seating & Arrangement,Students can solve seating arrangement problems using logical deduction
442,G6,Logical Reasoning,Seating & Arrangement,Students can represent arrangement constraints and work through them systematically
447,G6,Probability: Events & Outcomes,Probability of Events,Students can calculate the probability of single and combined events
448,G6,Probability: Events & Outcomes,Probability of Events,Students can distinguish between mutually exclusive and independent events
445,G6,Probability: Events & Outcomes,Sample Space,Students can list all possible outcomes for one or two events
446,G6,Probability: Events & Outcomes,Sample Space,Students can use a table or tree diagram to find all outcomes
437,G6,Set Theory,Set Operations,Students can find the union and intersection of two sets
438,G6,Set Theory,Set Operations,Students can represent set relationships using Venn diagrams
435,G6,Set Theory,Sets & Notation,Students can define a set and represent it using roster and set-builder notation
436,G6,Set Theory,Sets & Notation,"Students can identify subsets, the universal set, and the empty set"
433,G6,Statistics & Measures of Average,Interpreting Data,Students can read and interpret pie charts and line graphs
434,G6,Statistics & Measures of Average,Interpreting Data,Students can draw conclusions and identify trends from statistical data
431,G6,Statistics & Measures of Average,"Mean, Median, Mode & Range","Students can calculate mean, median, mode, and range for a data set"
432,G6,Statistics & Measures of Average,"Mean, Median, Mode & Range",Students can choose the most appropriate measure of average for a given context
439,G6,Vedic Mathematics,Division Shortcuts,Students can apply Vedic methods for division by 9 and 11
440,G6,Vedic Mathematics,Division Shortcuts,Students can use the Vedic HCF method
493,G7,Algebraic Expressions,Expanding & Factorising,Students can expand and simplify expressions involving brackets
494,G7,Algebraic Expressions,Expanding & Factorising,Students can factorise expressions by identifying common factors
495,G7,Algebraic Expressions,Working with Formulae,Students can substitute values into formulae and evaluate
496,G7,Algebraic Expressions,Working with Formulae,Students can rearrange simple formulae to change the subject
529,G7,Circle Geometry,Arc Length & Sector Area,Students can calculate arc length and sector area
530,G7,Circle Geometry,Arc Length & Sector Area,Students can solve problems involving circles and composite shapes
527,G7,Circle Geometry,Circle Parts & Properties,"Students can identify chord, arc, sector, and segment of a circle"
528,G7,Circle Geometry,Circle Parts & Properties,Students can apply properties of chords and tangents
525,G7,Compound Probability,Complementary Probability,Students can use the complement rule to find probabilities
526,G7,Compound Probability,Complementary Probability,Students can solve problems using P(A) + P(not A) = 1
523,G7,Compound Probability,Compound Events,Students can calculate the probability of two independent events occurring
524,G7,Compound Probability,Compound Events,Students can use tree diagrams to find probabilities of compound events
487,G7,Congruence of Triangles,Applying Congruence,Students can prove that two triangles are congruent and use this to find missing measures
488,G7,Congruence of Triangles,Applying Congruence,Students can apply congruence to solve geometric problems
485,G7,Congruence of Triangles,Congruence Criteria,"Students can identify congruent triangles using SSS, SAS, ASA, and RHS criteria"
486,G7,Congruence of Triangles,Congruence Criteria,Students can state corresponding sides and angles of congruent triangles
465,G7,Exponents & Powers,Laws of Exponents,"Students can apply the product, quotient, and power rules of exponents"
466,G7,Exponents & Powers,Laws of Exponents,Students can simplify expressions involving powers
467,G7,Exponents & Powers,Negative & Zero Exponents,Students can evaluate expressions with zero and negative exponents
468,G7,Exponents & Powers,Negative & Zero Exponents,Students can use exponents to express very large and very small numbers
473,G7,Financial Mathematics,"Profit, Loss & Discount","Students can calculate profit, loss, and percentage profit or loss"
474,G7,Financial Mathematics,"Profit, Loss & Discount",Students can apply discount and mark-up to find selling prices
475,G7,Financial Mathematics,Tax & Simple Interest,Students can calculate sales tax and VAT
476,G7,Financial Mathematics,Tax & Simple Interest,Students can apply the simple interest formula to savings and loan problems
457,G7,Fraction & Decimal Operations,Complex Fraction Operations,Students can perform all four operations with fractions and mixed numbers fluently
458,G7,Fraction & Decimal Operations,Complex Fraction Operations,Students can solve multi-step word problems involving fractions and decimals
459,G7,Fraction & Decimal Operations,Recurring Decimals,Students can convert fractions to recurring decimals
460,G7,Fraction & Decimal Operations,Recurring Decimals,Students can identify which fractions produce terminating vs recurring decimals
489,G7,Geometric Constructions,Basic Constructions,Students can construct a perpendicular bisector and angle bisector using compass and ruler
490,G7,Geometric Constructions,Basic Constructions,Students can construct parallel lines and specific angles
491,G7,Geometric Constructions,Triangle Constructions,Students can construct a triangle given three sides or two sides and the included angle
492,G7,Geometric Constructions,Triangle Constructions,Students can verify constructions using measurement
455,G7,Integer Operations,Absolute Value,Students can define and calculate absolute value
456,G7,Integer Operations,Absolute Value,Students can use absolute value to compare distances on a number line
453,G7,Integer Operations,All Integer Operations,"Students can add, subtract, multiply, and divide integers fluently"
454,G7,Integer Operations,All Integer Operations,Students can solve multi-step problems involving integers
497,G7,Linear Equations,Solving One-Step Equations,Students can solve one-step linear equations using inverse operations
498,G7,Linear Equations,Solving One-Step Equations,Students can verify solutions by substituting back into the equation
499,G7,Linear Equations,Solving Two-Step Equations,Students can solve two-step linear equations
500,G7,Linear Equations,Solving Two-Step Equations,Students can write and solve equations from word problems
533,G7,Linear Graphs & Relationships,Equation of a Line,Students can write the equation of a straight line in the form y = mx + c
534,G7,Linear Graphs & Relationships,Equation of a Line,Students can interpret the meaning of gradient and intercept in real-world contexts
531,G7,Linear Graphs & Relationships,Plotting Linear Graphs,Students can plot a linear graph from a table of values
532,G7,Linear Graphs & Relationships,Plotting Linear Graphs,Students can identify the gradient and y-intercept from a graph
477,G7,Lines & Angles,Angle Relationships,"Students can identify complementary, supplementary, vertically opposite, and co-interior angles"
478,G7,Lines & Angles,Angle Relationships,Students can calculate unknown angles using angle relationships
479,G7,Lines & Angles,Parallel Lines & Transversals,"Students can identify alternate, corresponding, and co-interior angles formed by a transversal"
480,G7,Lines & Angles,Parallel Lines & Transversals,Students can use angle properties of parallel lines to find missing angles
519,G7,Logical Reasoning,Blood Relations & Coding,Students can solve problems involving family tree relationships
520,G7,Logical Reasoning,Blood Relations & Coding,Students can decode and encode messages using letter-number coding
521,G7,Logical Reasoning,Series Completion,Students can identify the rule in number and alphabet series and find the next term
522,G7,Logical Reasoning,Series Completion,Students can solve ranking and order-based reasoning questions
469,G7,Percentages,Percentage Calculations,Students can find percentages of quantities and express one quantity as a percentage of another
470,G7,Percentages,Percentage Calculations,Students can calculate percentage increase and decrease
471,G7,Percentages,Percentage Problems,Students can solve multi-step percentage problems in financial and real-world contexts
472,G7,Percentages,Percentage Problems,Students can work backwards from a percentage to find the original value
505,G7,Perimeter & Area,Circles: Circumference & Area,Students can calculate the circumference and area of a circle
506,G7,Perimeter & Area,Circles: Circumference & Area,Students can solve problems involving circular regions
507,G7,Perimeter & Area,Composite Shapes,Students can find the perimeter and area of composite shapes
508,G7,Perimeter & Area,Composite Shapes,Students can solve real-world problems involving area and perimeter
481,G7,Properties of Triangles,Triangle Angle Properties,Students can apply the angle sum property of a triangle
482,G7,Properties of Triangles,Triangle Angle Properties,Students can find missing angles using the exterior angle property
483,G7,Properties of Triangles,Triangle Types & Inequalities,Students can classify triangles by side length and angle type
484,G7,Properties of Triangles,Triangle Types & Inequalities,Students can apply the triangle inequality theorem
537,G7,Pythagoras Theorem,Applying Pythagoras,Students can solve real-world problems using Pythagoras theorem
538,G7,Pythagoras Theorem,Applying Pythagoras,Students can use the theorem to find distances on a coordinate grid
535,G7,Pythagoras Theorem,Understanding Pythagoras,Students can state and apply Pythagoras theorem to find a missing side in a right triangle
536,G7,Pythagoras Theorem,Understanding Pythagoras,Students can verify whether a triangle is right-angled using the theorem
463,G7,Rational Numbers,Operations with Rationals,"Students can add, subtract, multiply, and divide rational numbers"
464,G7,Rational Numbers,Operations with Rationals,Students can solve real-world problems involving rational numbers
461,G7,Rational Numbers,Understanding Rational Numbers,Students can define rational numbers and represent them on a number line
462,G7,Rational Numbers,Understanding Rational Numbers,Students can express rational numbers in standard form
503,G7,Statistics & Central Tendency,Data Representation,"Students can draw and interpret frequency tables, histograms, and stem-and-leaf plots"
504,G7,Statistics & Central Tendency,Data Representation,Students can compare two data sets using statistical measures
501,G7,Statistics & Central Tendency,Measures of Central Tendency,"Students can calculate mean, median, and mode for grouped and ungrouped data"
502,G7,Statistics & Central Tendency,Measures of Central Tendency,Students can determine which measure best represents a data set
513,G7,Surface Area & Volume,Surface Area,Students can calculate the surface area of prisms and cylinders
514,G7,Surface Area & Volume,Surface Area,Students can solve real-world problems involving surface area
515,G7,Surface Area & Volume,Volume,"Students can calculate the volume of prisms, cylinders, and composite solids"
516,G7,Surface Area & Volume,Volume,Students can convert between units of volume and capacity
509,G7,Symmetry,Lines of Symmetry,Students can identify lines of symmetry in 2D shapes
510,G7,Symmetry,Lines of Symmetry,Students can complete a shape given one half and a line of symmetry
511,G7,Symmetry,Rotational Symmetry,Students can identify the order of rotational symmetry of a shape
512,G7,Symmetry,Rotational Symmetry,Students can describe the rotational symmetry of regular polygons
541,G7,"Tax, Interest & Financial Decisions",Compound Interest,Students can calculate compound interest and compare it to simple interest
542,G7,"Tax, Interest & Financial Decisions",Compound Interest,"Students can solve financial problems involving loans, savings, and investment"
539,G7,"Tax, Interest & Financial Decisions",Tax & VAT,Students can calculate income tax and VAT on goods and services
540,G7,"Tax, Interest & Financial Decisions",Tax & VAT,Students can determine the final price of an item after tax
517,G7,Vedic Mathematics,Speed Multiplication,Students can apply Vedic methods to multiply 3-digit numbers near 100 and 1000
518,G7,Vedic Mathematics,Speed Multiplication,Students can use Vedic techniques to multiply numbers above and below a base
593,G8,3D Shapes & Mensuration,Mensuration of Solids,Students can apply formulae for surface area and volume of common solids
594,G8,3D Shapes & Mensuration,Mensuration of Solids,Students can compare and convert units of volume and capacity
591,G8,3D Shapes & Mensuration,Views of 3D Shapes,"Students can identify and draw the top, front, and side views of 3D objects"
592,G8,3D Shapes & Mensuration,Views of 3D Shapes,Students can sketch 3D objects from given views
557,G8,Cubes & Cube Roots,Applying Cubes,Students can apply cube roots to solve equations and real-life volume problems
555,G8,Cubes & Cube Roots,Perfect Cubes,Students can identify perfect cubes and find cube roots of perfect cube numbers
556,G8,Cubes & Cube Roots,Perfect Cubes,Students can use prime factorisation to find cube roots
595,G8,Data Analysis & Probability,Advanced Statistics,"Students can calculate and interpret mean, median, mode, and standard deviation for grouped data"
596,G8,Data Analysis & Probability,Advanced Statistics,Students can construct and interpret box-and-whisker plots
597,G8,Data Analysis & Probability,Probability,Students can calculate probabilities using theoretical and experimental approaches
598,G8,Data Analysis & Probability,Probability,Students can use two-way tables and Venn diagrams to solve probability problems
547,G8,Exponents & Scientific Notation,Laws of Exponents,Students can apply all laws of exponents to simplify expressions
548,G8,Exponents & Scientific Notation,Laws of Exponents,Students can work with negative and fractional exponents
549,G8,Exponents & Scientific Notation,Scientific Notation,Students can write very large and very small numbers in scientific notation
550,G8,Exponents & Scientific Notation,Scientific Notation,Students can perform operations on numbers expressed in scientific notation
575,G8,Factorisation,Common Factor Method,Students can factorise expressions by taking out the highest common factor
576,G8,Factorisation,Common Factor Method,Students can factorise by grouping
577,G8,Factorisation,Factorising Trinomials,Students can factorise quadratic trinomials of the form x² + bx + c
578,G8,Factorisation,Factorising Trinomials,Students can use difference of two squares identity to factorise
563,G8,Financial Applications,Compound Interest & Growth,Students can calculate compound interest over multiple periods
564,G8,Financial Applications,Compound Interest & Growth,Students can apply percentage growth and decay to real-world scenarios
565,G8,Financial Applications,Financial Decision Making,Students can compare financial products using interest rates and repayment terms
566,G8,Financial Applications,Financial Decision Making,Students can evaluate value-for-money and interpret financial statements
583,G8,Geometric Constructions,Constructing Quadrilaterals,Students can construct quadrilaterals given sufficient measurements using compass and ruler
584,G8,Geometric Constructions,Constructing Quadrilaterals,Students can verify constructions using measurement and properties
585,G8,Geometric Constructions,Loci & Paths,Students can describe and construct simple loci
586,G8,Geometric Constructions,Loci & Paths,Students can solve geometric problems using loci
611,G8,Linear Functions & Graphs,Graphing & Interpreting,Students can plot and interpret linear functions in real-world contexts
612,G8,Linear Functions & Graphs,Graphing & Interpreting,Students can find the equation of a line given two points or gradient and a point
609,G8,Linear Functions & Graphs,Linear Functions,Students can identify whether a relationship is linear by inspecting a table or graph
610,G8,Linear Functions & Graphs,Linear Functions,Students can find the gradient and y-intercept from an equation or graph
603,G8,Logical Reasoning,Spatial & Sequential Reasoning,Students can solve cube-based spatial reasoning problems
604,G8,Logical Reasoning,Spatial & Sequential Reasoning,Students can apply direction sense and calendar reasoning
601,G8,Logical Reasoning,Venn Diagrams & Logic,Students can solve problems using Venn diagrams with two or three sets
602,G8,Logical Reasoning,Venn Diagrams & Logic,Students can interpret and evaluate logical statements
569,G8,One-Variable Linear Equations,Applications,Students can write and solve equations from word problems
570,G8,One-Variable Linear Equations,Applications,Students can verify solutions and interpret them in context
567,G8,One-Variable Linear Equations,Solving Linear Equations,Students can solve linear equations with variables on both sides
568,G8,One-Variable Linear Equations,Solving Linear Equations,Students can solve equations involving brackets and fractions
587,G8,"Perimeter, Area & Volume",Area of Compound Shapes,Students can calculate area of complex composite shapes involving polygons and circles
588,G8,"Perimeter, Area & Volume",Area of Compound Shapes,Students can solve contextual area problems
589,G8,"Perimeter, Area & Volume",Volume & Surface Area,"Students can calculate volume and surface area of cylinders, cones, and spheres"
590,G8,"Perimeter, Area & Volume",Volume & Surface Area,Students can solve real-world problems involving 3D measurement
573,G8,Polynomial Expressions,Operations on Polynomials,Students can add and subtract polynomials
574,G8,Polynomial Expressions,Operations on Polynomials,Students can multiply a polynomial by a monomial or binomial
571,G8,Polynomial Expressions,Understanding Polynomials,"Students can identify terms, degree, and coefficients of a polynomial"
572,G8,Polynomial Expressions,Understanding Polynomials,"Students can classify polynomials as monomials, binomials, and trinomials"
581,G8,Properties of Quadrilaterals,Angles in Quadrilaterals,Students can apply the angle sum property of quadrilaterals
582,G8,Properties of Quadrilaterals,Angles in Quadrilaterals,Students can find missing angles in special quadrilaterals
579,G8,Properties of Quadrilaterals,Types of Quadrilaterals,"Students can identify and classify quadrilaterals including parallelogram, rhombus, rectangle, square, trapezoid, and kite"
580,G8,Properties of Quadrilaterals,Types of Quadrilaterals,Students can describe the properties of each type of quadrilateral
545,G8,Rational Number Systems,Irrational Numbers,Students can distinguish between rational and irrational numbers
546,G8,Rational Number Systems,Irrational Numbers,Students can represent irrational numbers on a number line approximately
543,G8,Rational Number Systems,Operations with Rationals,Students can perform all four operations with rational numbers including fractions and decimals
544,G8,Rational Number Systems,Operations with Rationals,Students can solve multi-step problems using rational numbers
558,G8,Ratio & Proportion,Direct & Inverse Proportion,Students can identify and apply direct proportion relationships
559,G8,Ratio & Proportion,Direct & Inverse Proportion,Students can identify and apply inverse proportion relationships
560,G8,Ratio & Proportion,Direct & Inverse Proportion,Students can solve proportion problems using unitary method and ratios
561,G8,Ratio & Proportion,Ratio Problems,Students can divide a quantity in a given ratio
562,G8,Ratio & Proportion,Ratio Problems,Students can solve multi-step ratio and proportion word problems
615,G8,Scatter Plots & Correlation,Lines of Best Fit,Students can draw a line of best fit on a scatter plot
616,G8,Scatter Plots & Correlation,Lines of Best Fit,Students can use a line of best fit to make predictions and identify outliers
613,G8,Scatter Plots & Correlation,Scatter Plots,Students can construct and read a scatter plot
614,G8,Scatter Plots & Correlation,Scatter Plots,"Students can describe the type, direction, and strength of correlation"
553,G8,Squares & Square Roots,Applying Square Roots,Students can use square roots to solve equations of the form x² = k
554,G8,Squares & Square Roots,Applying Square Roots,Students can apply square roots in geometry including Pythagoras problems
551,G8,Squares & Square Roots,Perfect Squares,Students can identify perfect squares and recall square numbers up to 225
552,G8,Squares & Square Roots,Perfect Squares,Students can find the square root of perfect squares by factorisation and estimation
607,G8,Systems of Linear Equations,Applications,Students can model real-world problems as systems of equations and interpret solutions
608,G8,Systems of Linear Equations,Applications,"Students can determine whether a system has one, zero, or infinitely many solutions"
605,G8,Systems of Linear Equations,Solving Simultaneous Equations,Students can solve a system of two linear equations by substitution
606,G8,Systems of Linear Equations,Solving Simultaneous Equations,Students can solve a system of two linear equations by elimination
599,G8,Vedic Mathematics,Cube & Root Shortcuts,Students can find cubes of 2-digit numbers near 10 and 100 using Vedic methods
600,G8,Vedic Mathematics,Cube & Root Shortcuts,Students can apply Vedic observation method for square roots of perfect squares
